name,MOTU_10_SC_int_B014_COI,MOTU_10_SC_int_B015_COI,MOTU_10_SC_int_L012_COIF,MOTU_10_SC_int_L0217_COI,MOTU_10_SC_int_L1201_COIF,MOTU_10_SC_int_L214_COI,MOTU_10_SC_int_L219_COIF,MOTU_10_SC_int_L372_COI,MOTU_11_SC_sco_B156_COI,MOTU_11_SC_sco_B214,MOTU_11_SC_sco_L0906_COIF,MOTU_11_SC_sco_L905_COI,MOTU_12_SC_dis_B022_COI,MOTU_12_SC_dis_B023_COI,MOTU_12_SC_dis_B024_COI,MOTU_12_SC_dis_B025_COI,MOTU_12_SC_dis_B026_COIF,MOTU_12_SC_dis_B027_COIF,MOTU_13_SC_vit_L0750_COIF,MOTU_13_SC_vit_L733_COIF,MOTU_14_SC_nas_L1179_COIF,MOTU_1_SC_vit_L100_COI,MOTU_1_SC_vit_L197_COIF,MOTU_1_SC_vit_L205_COIF,MOTU_1_SC_vit_L206_COIF,MOTU_1_SC_vit_L207_COI,MOTU_1_SC_vit_L208_COIF,MOTU_1_SC_vit_L209_COIF,MOTU_1_SC_vit_L380_COI,MOTU_2_SC_fas_B011_COI,MOTU_2_SC_fas_L0544_COIF,MOTU_2_SC_fas_L0629_COIF,MOTU_2_SC_fas_L0650_COIF,MOTU_2_SC_fas_L082_COI,MOTU_2_SC_fas_L0936_COIF,MOTU_2_SC_fas_L0951_COI,MOTU_2_SC_fas_L0968_COIF,MOTU_2_SC_fas_L259_COIF,MOTU_2_SC_fas_L541_COI,MOTU_2_SC_fas_L542_COI,MOTU_2_SC_fas_L626_COI,MOTU_2_SC_fas_L698_COI,MOTU_2_SC_fas_L918_COI,MOTU_3_SC_nas_B016_COI,MOTU_3_SC_nas_B019_COI,MOTU_3_SC_nas_L1066_COI,MOTU_3_SC_nas_L1093_ANOSCOIF,MOTU_3_SC_nas_L1099_ANOSCOIF,MOTU_3_SC_nas_L1100_ANOSCOIF,MOTU_3_SC_nas_L1111_ANOSCOIF,MOTU_3_SC_nas_L243_COI,MOTU_3_SC_nas_L244_COIF,MOTU_3_SC_nas_L245_COIF,MOTU_4_SC_dis_L236_COI,MOTU_4_SC_dis_L237_COI,MOTU_4_SC_dis_L239_COIF,MOTU_4_SC_dis_L242_COIF,MOTU_4_SC_dis_L260_COI,MOTU_4_SC_dis_L261_COIF,MOTU_4_SC_dis_L262_COI,MOTU_4_SC_dis_L263_COI,MOTU_4_SC_dis_L264_COI,MOTU_4_SC_dis_L265_COIF,MOTU_5_SC_bor_L0063_COIF,MOTU_5_SC_bor_L0086_COI,MOTU_5_SC_bor_L0117_ANOSCOIF,MOTU_5_SC_bor_L0224_COI,MOTU_5_SC_bor_L0899_COIF,MOTU_5_SC_bor_L1176_COIF,MOTU_5_SC_bor_L1177_COIF,MOTU_6_SC_nas_B017_COI,MOTU_6_SC_nas_B018_COI,MOTU_6_SC_nas_L0926_COIF,MOTU_6_SC_nas_L1103_ANOSCOIF,MOTU_6_SC_nas_L1178_FISHF,MOTU_6_SC_nas_L889_COI,MOTU_7_SC_jac_L546_COI,MOTU_7_SC_pla_B135,MOTU_7_SC_pla_B136,MOTU_7_SC_pla_B137,MOTU_7_SC_pla_B138,MOTU_7_SC_pla_B139,MOTU_8_SC_kne_B012_COI,MOTU_8_SC_kne_L0857_COIF,MOTU_8_SC_kne_L0866_COIF,MOTU_8_SC_kne_L270_COIF,MOTU_8_SC_kne_L361_COI,MOTU_8_SC_kne_L363_COI,MOTU_8_SC_kne_L365_COI,MOTU_9_SC_vit_L0613_COIF,MOTU_9_SC_vit_L558_COI
MOTU_10_SC_int_B014_COI,0.0,0.0,0.0,0.0,0.0,0.0,0.0,0.15968,4.11234,4.11234,4.46531,4.2929,5.69655,5.69655,5.69655,5.69655,5.72247,5.77402,2.2725,2.2725,9.48546,3.44314,3.1053,3.44314,3.61292,3.44314,3.44314,3.44314,3.61292,2.60528,3.10864,2.60528,2.60528,2.94029,2.94029,2.60528,2.60528,2.7725,2.60528,2.60528,2.60528,2.60528,2.60528,9.30835,9.30835,9.11967,9.50549,9.1362,9.50452,9.11967,9.30835,9.30835,9.30835,5.16745,5.51956,5.16745,5.16745,5.16745,5.16745,5.16745,5.16745,5.16745,5.16745,1.12621,0.96485,1.12621,1.12621,1.12621,0.96485,0.96388,8.9317,8.83554,9.30835,9.11967,9.11967,9.30835,9.85315,9.17449,9.50589,10.07146,10.11621,9.6165,9.33354,9.3987,9.60964,9.14414,9.14414,9.14414,9.14414,2.43861,2.60528
MOTU_10_SC_int_B015_COI,0.0,0.0,0.0,0.0,0.0,0.0,0.0,0.15968,4.11234,4.11234,4.46531,4.2929,5.69655,5.69655,5.69655,5.69655,5.72247,5.77402,2.2725,2.2725,9.48546,3.44314,3.1053,3.44314,3.61292,3.44314,3.44314,3.44314,3.61292,2.60528,3.10864,2.60528,2.60528,2.94029,2.94029,2.60528,2.60528,2.7725,2.60528,2.60528,2.60528,2.60528,2.60528,9.30835,9.30835,9.11967,9.50549,9.1362,9.50452,9.11967,9.30835,9.30835,9.30835,5.16745,5.51956,5.16745,5.16745,5.16745,5.16745,5.16745,5.16745,5.16745,5.16745,1.12621,0.96485,1.12621,1.12621,1.12621,0.96485,0.96388,8.9317,8.83554,9.30835,9.11967,9.11967,9.30835,9.85315,9.17449,9.50589,10.07146,10.11621,9.6165,9.33354,9.3987,9.60964,9.14414,9.14414,9.14414,9.14414,2.43861,2.60528
MOTU_10_SC_int_L012_COIF,0.0,0.0,0.0,0.0,0.0,0.0,0.0,0.15968,4.11234,4.11234,4.46531,4.2929,5.69655,5.69655,5.69655,5.69655,5.72247,5.77402,2.2725,2.2725,9.48546,3.44314,3.1053,3.44314,3.61292,3.44314,3.44314,3.44314,3.61292,2.60528,3.10864,2.60528,2.60528,2.94029,2.94029,2.60528,2.60528,2.7725,2.60528,2.60528,2.60528,2.60528,2.60528,9.30835,9.30835,9.11967,9.50549,9.1362,9.50452,9.11967,9.30835,9.30835,9.30835,5.16745,5.51956,5.16745,5.16745,5.16745,5.16745,5.16745,5.16745,5.16745,5.16745,1.12621,0.96485,1.12621,1.12621,1.12621,0.96485,0.96388,8.9317,8.83554,9.30835,9.11967,9.11967,9.30835,9.85315,9.17449,9.50589,10.07146,10.11621,9.6165,9.33354,9.3987,9.60964,9.14414,9.14414,9.14414,9.14414,2.43861,2.60528
MOTU_10_SC_int_L0217_COI,0.0,0.0,0.0,0.0,0.0,0.0,0.0,0.15968,4.11234,4.11234,4.46531,4.2929,5.69655,5.69655,5.69655,5.69655,5.72247,5.77402,2.2725,2.2725,9.48546,3.44314,3.1053,3.44314,3.61292,3.44314,3.44314,3.44314,3.61292,2.60528,3.10864,2.60528,2.60528,2.94029,2.94029,2.60528,2.60528,2.7725,2.60528,2.60528,2.60528,2.60528,2.60528,9.30835,9.30835,9.11967,9.50549,9.1362,9.50452,9.11967,9.30835,9.30835,9.30835,5.16745,5.51956,5.16745,5.16745,5.16745,5.16745,5.16745,5.16745,5.16745,5.16745,1.12621,0.96485,1.12621,1.12621,1.12621,0.96485,0.96388,8.9317,8.83554,9.30835,9.11967,9.11967,9.30835,9.85315,9.17449,9.50589,10.07146,10.11621,9.6165,9.33354,9.3987,9.60964,9.14414,9.14414,9.14414,9.14414,2.43861,2.60528
MOTU_10_SC_int_L1201_COIF,0.0,0.0,0.0,0.0,0.0,0.0,0.0,0.15968,4.11234,4.11234,4.46531,4.2929,5.69655,5.69655,5.69655,5.69655,5.72247,5.77402,2.2725,2.2725,9.48546,3.44314,3.1053,3.44314,3.61292,3.44314,3.44314,3.44314,3.61292,2.60528,3.10864,2.60528,2.60528,2.94029,2.94029,2.60528,2.60528,2.7725,2.60528,2.60528,2.60528,2.60528,2.60528,9.30835,9.30835,9.11967,9.50549,9.1362,9.50452,9.11967,9.30835,9.30835,9.30835,5.16745,5.51956,5.16745,5.16745,5.16745,5.16745,5.16745,5.16745,5.16745,5.16745,1.12621,0.96485,1.12621,1.12621,1.12621,0.96485,0.96388,8.9317,8.83554,9.30835,9.11967,9.11967,9.30835,9.85315,9.17449,9.50589,10.07146,10.11621,9.6165,9.33354,9.3987,9.60964,9.14414,9.14414,9.14414,9.14414,2.43861,2.60528
MOTU_10_SC_int_L214_COI,0.0,0.0,0.0,0.0,0.0,0.0,0.0,0.15968,4.11234,4.11234,4.46531,4.2929,5.69655,5.69655,5.69655,5.69655,5.72247,5.77402,2.2725,2.2725,9.48546,3.44314,3.1053,3.44314,3.61292,3.44314,3.44314,3.44314,3.61292,2.60528,3.10864,2.60528,2.60528,2.94029,2.94029,2.60528,2.60528,2.7725,2.60528,2.60528,2.60528,2.60528,2.60528,9.30835,9.30835,9.11967,9.50549,9.1362,9.50452,9.11967,9.30835,9.30835,9.30835,5.16745,5.51956,5.16745,5.16745,5.16745,5.16745,5.16745,5.16745,5.16745,5.16745,1.12621,0.96485,1.12621,1.12621,1.12621,0.96485,0.96388,8.9317,8.83554,9.30835,9.11967,9.11967,9.30835,9.85315,9.17449,9.50589,10.07146,10.11621,9.6165,9.33354,9.3987,9.60964,9.14414,9.14414,9.14414,9.14414,2.43861,2.60528
MOTU_10_SC_int_L219_COIF,0.0,0.0,0.0,0.0,0.0,0.0,0.0,0.15968,4.11234,4.11234,4.46531,4.2929,5.69655,5.69655,5.69655,5.69655,5.72247,5.77402,2.2725,2.2725,9.48546,3.44314,3.1053,3.44314,3.61292,3.44314,3.44314,3.44314,3.61292,2.60528,3.10864,2.60528,2.60528,2.94029,2.94029,2.60528,2.60528,2.7725,2.60528,2.60528,2.60528,2.60528,2.60528,9.30835,9.30835,9.11967,9.50549,9.1362,9.50452,9.11967,9.30835,9.30835,9.30835,5.16745,5.51956,5.16745,5.16745,5.16745,5.16745,5.16745,5.16745,5.16745,5.16745,1.12621,0.96485,1.12621,1.12621,1.12621,0.96485,0.96388,8.9317,8.83554,9.30835,9.11967,9.11967,9.30835,9.85315,9.17449,9.50589,10.07146,10.11621,9.6165,9.33354,9.3987,9.60964,9.14414,9.14414,9.14414,9.14414,2.43861,2.60528
MOTU_10_SC_int_L372_COI,0.15968,0.15968,0.15968,0.15968,0.15968,0.15968,0.15968,0.0,4.2863,4.2863,4.63317,4.46046,5.86645,5.86645,5.86645,5.86645,5.72247,5.77402,2.43639,2.43639,9.66303,3.60912,3.27071,3.60912,3.77919,3.60912,3.60912,3.60912,3.77919,2.76973,3.27393,2.76973,2.76973,3.1053,3.1053,2.76973,2.76973,2.93723,2.76973,2.76973,2.76973,2.76973,2.76973,9.48546,9.48546,9.29643,9.50549,9.31676,9.50452,9.29643,9.48546,9.48546,9.48546,5.33641,5.68915,5.33641,5.33641,5.33641,5.33641,5.33641,5.33641,5.33641,5.33641,1.28797,1.12621,1.28797,1.28797,1.28797,1.12621,1.12537,9.1081,9.01348,9.48546,9.29643,9.29643,9.48546,10.03153,9.35982,9.69107,10.07146,10.29953,9.80035,9.51047,9.5769,9.60964,9.32072,9.32072,9.32072,9.32072,2.60278,2.76973
MOTU_11_SC_sco_B156_COI,4.11234,4.11234,4.11234,4.11234,4.11234,4.11234,4.11234,4.2863,0.0,0.0,0.16611,0.0,5.56647,5.56647,5.56647,5.56647,5.77225,5.6451,3.58847,3.58847,8.35473,4.83653,5.20017,5.01802,4.6557,5.01802,4.83653,4.83653,5.20017,3.94371,4.30149,3.94371,3.94371,4.12228,4.12228,3.94371,3.94371,4.12228,3.94371,3.94371,3.94371,3.94371,3.94371,7.98067,7.98067,8.17298,8.15455,7.98067,8.13977,8.17298,7.7891,7.7891,7.7891,5.38298,5.38298,5.38298,5.38298,5.38298,5.38298,5.38298,5.38298,5.38298,5.38298,4.64998,4.47552,4.64998,4.64998,4.64998,4.47552,4.47013,8.17298,8.17298,8.36603,8.17298,8.17298,8.36603,10.10881,9.83535,10.18256,11.18423,10.53826,9.81386,8.53697,8.59827,8.58969,8.34392,8.34392,8.34392,8.34392,4.12228,4.30149
MOTU_11_SC_sco_B214,4.11234,4.11234,4.11234,4.11234,4.11234,4.11234,4.11234,4.2863,0.0,0.0,0.16611,0.0,5.56647,5.56647,5.56647,5.56647,5.77225,5.6451,3.58847,3.58847,8.35473,4.83653,5.20017,5.01802,4.6557,5.01802,4.83653,4.83653,5.20017,3.94371,4.30149,3.94371,3.94371,4.12228,4.12228,3.94371,3.94371,4.12228,3.94371,3.94371,3.94371,3.94371,3.94371,7.98067,7.98067,8.17298,8.15455,7.98067,8.13977,8.17298,7.7891,7.7891,7.7891,5.38298,5.38298,5.38298,5.38298,5.38298,5.38298,5.38298,5.38298,5.38298,5.38298,4.64998,4.47552,4.64998,4.64998,4.64998,4.47552,4.47013,8.17298,8.17298,8.36603,8.17298,8.17298,8.36603,10.10881,9.83535,10.18256,11.18423,10.53826,9.81386,8.53697,8.59827,8.58969,8.34392,8.34392,8.34392,8.34392,4.12228,4.30149
MOTU_11_SC_sco_L0906_COIF,4.46531,4.46531,4.46531,4.46531,4.46531,4.46531,4.46531,4.63317,0.16611,0.16611,0.0,0.15974,5.69655,5.69655,5.69655,5.69655,5.90317,5.77402,3.959,3.959,8.56883,5.16745,5.51956,5.34319,4.99232,5.34319,5.16745,5.16745,5.51956,4.30323,4.82407,4.30323,4.30323,4.64986,4.64986,4.30323,4.30323,4.47625,4.30323,4.30323,4.30323,4.30323,4.30323,8.20779,8.20779,8.39366,8.3801,8.20504,8.33623,8.39366,8.0226,8.0226,8.0226,5.51956,5.51956,5.51956,5.51956,5.51956,5.51956,5.51956,5.51956,5.51956,5.51956,4.98615,4.8178,4.98615,4.98615,4.98615,4.8178,4.81193,8.20779,8.29305,8.58023,8.39366,8.39366,8.58023,10.45563,9.98175,10.32754,11.41625,10.93685,10.23453,8.9317,8.99364,9.00178,8.74443,8.74443,8.74443,8.74443,4.47625,4.64986
MOTU_11_SC_sco_L905_COI,4.2929,4.2929,4.2929,4.2929,4.2929,4.2929,4.2929,4.46046,0.0,0.0,0.15974,0.0,5.51956,5.51956,5.51956,5.51956,5.71377,5.59449,3.78777,3.78777,8.38261,4.99232,5.34319,5.16745,4.8178,5.16745,4.99232,4.99232,5.34319,4.13082,4.64986,4.13082,4.13082,4.47625,4.47625,4.13082,4.13082,4.30323,4.13082,4.13082,4.13082,4.13082,4.13082,8.0226,8.0226,8.20779,8.19071,8.016,8.13977,8.20779,7.8381,7.8381,7.8381,5.34319,5.34319,5.34319,5.34319,5.34319,5.34319,5.34319,5.34319,5.34319,5.34319,4.81193,4.64388,4.81193,4.81193,4.81193,4.64388,4.63832,8.0226,8.10578,8.39366,8.20779,8.20779,8.39366,10.26258,9.78175,10.12714,11.18423,10.73725,10.03612,8.74443,8.80496,8.80531,8.55787,8.55787,8.55787,8.55787,4.30323,4.47625
MOTU_12_SC_dis_B022_COI,5.69655,5.69655,5.69655,5.69655,5.69655,5.69655,5.69655,5.86645,5.56647,5.56647,5.69655,5.51956,0.0,0.0,0.0,0.0,0.0,0.0,5.18164,5.18164,10.26258,6.06089,6.06089,5.88231,6.2401,5.88231,6.06089,6.06089,6.2401,5.18164,5.71262,5.18164,5.18164,5.535,5.535,5.18164,5.18164,5.35801,5.18164,5.18164,5.18164,5.18164,5.18164,10.27677,10.27677,10.4702,10.31458,10.1212,10.32914,10.4702,10.27677,10.27677,10.27677,0.80388,0.80388,0.80388,0.80388,0.80388,0.80388,0.80388,0.80388,0.80388,0.80388,5.51956,5.35039,5.51956,5.51956,5.51956,5.35039,5.34319,9.51047,9.41852,9.89215,9.70095,9.70095,9.89215,12.41028,11.80136,11.94277,12.61411,12.77005,12.45216,10.08409,10.15494,10.02553,9.89215,9.89215,9.89215,9.89215,5.35801,5.535
MOTU_12_SC_dis_B023_COI,5.69655,5.69655,5.69655,5.69655,5.69655,5.69655,5.69655,5.86645,5.56647,5.56647,5.69655,5.51956,0.0,0.0,0.0,0.0,0.0,0.0,5.18164,5.18164,10.26258,6.06089,6.06089,5.88231,6.2401,5.88231,6.06089,6.06089,6.2401,5.18164,5.71262,5.18164,5.18164,5.535,5.535,5.18164,5.18164,5.35801,5.18164,5.18164,5.18164,5.18164,5.18164,10.27677,10.27677,10.4702,10.31458,10.1212,10.32914,10.4702,10.27677,10.27677,10.27677,0.80388,0.80388,0.80388,0.80388,0.80388,0.80388,0.80388,0.80388,0.80388,0.80388,5.51956,5.35039,5.51956,5.51956,5.51956,5.35039,5.34319,9.51047,9.41852,9.89215,9.70095,9.70095,9.89215,12.41028,11.80136,11.94277,12.61411,12.77005,12.45216,10.08409,10.15494,10.02553,9.89215,9.89215,9.89215,9.89215,5.35801,5.535
MOTU_12_SC_dis_B024_COI,5.69655,5.69655,5.69655,5.69655,5.69655,5.69655,5.69655,5.86645,5.56647,5.56647,5.69655,5.51956,0.0,0.0,0.0,0.0,0.0,0.0,5.18164,5.18164,10.26258,6.06089,6.06089,5.88231,6.2401,5.88231,6.06089,6.06089,6.2401,5.18164,5.71262,5.18164,5.18164,5.535,5.535,5.18164,5.18164,5.35801,5.18164,5.18164,5.18164,5.18164,5.18164,10.27677,10.27677,10.4702,10.31458,10.1212,10.32914,10.4702,10.27677,10.27677,10.27677,0.80388,0.80388,0.80388,0.80388,0.80388,0.80388,0.80388,0.80388,0.80388,0.80388,5.51956,5.35039,5.51956,5.51956,5.51956,5.35039,5.34319,9.51047,9.41852,9.89215,9.70095,9.70095,9.89215,12.41028,11.80136,11.94277,12.61411,12.77005,12.45216,10.08409,10.15494,10.02553,9.89215,9.89215,9.89215,9.89215,5.35801,5.535
MOTU_12_SC_dis_B025_COI,5.69655,5.69655,5.69655,5.69655,5.69655,5.69655,5.69655,5.86645,5.56647,5.56647,5.69655,5.51956,0.0,0.0,0.0,0.0,0.0,0.0,5.18164,5.18164,10.26258,6.06089,6.06089,5.88231,6.2401,5.88231,6.06089,6.06089,6.2401,5.18164,5.71262,5.18164,5.18164,5.535,5.535,5.18164,5.18164,5.35801,5.18164,5.18164,5.18164,5.18164,5.18164,10.27677,10.27677,10.4702,10.31458,10.1212,10.32914,10.4702,10.27677,10.27677,10.27677,0.80388,0.80388,0.80388,0.80388,0.80388,0.80388,0.80388,0.80388,0.80388,0.80388,5.51956,5.35039,5.51956,5.51956,5.51956,5.35039,5.34319,9.51047,9.41852,9.89215,9.70095,9.70095,9.89215,12.41028,11.80136,11.94277,12.61411,12.77005,12.45216,10.08409,10.15494,10.02553,9.89215,9.89215,9.89215,9.89215,5.35801,5.535
MOTU_12_SC_dis_B026_COIF,5.72247,5.72247,5.72247,5.72247,5.72247,5.72247,5.72247,5.72247,5.77225,5.77225,5.90317,5.71377,0.0,0.0,0.0,0.0,0.0,0.0,5.35357,5.35357,10.59299,6.1027,6.1027,5.91222,6.2939,5.91222,6.1027,6.1027,6.2939,5.1656,5.73164,5.1656,5.1656,5.54225,5.54225,5.1656,5.1656,5.35357,5.1656,5.1656,5.1656,5.1656,5.1656,10.60899,10.60899,10.81646,10.60899,10.44929,10.47796,10.81646,10.60899,10.60899,10.60899,0.85619,0.85619,0.85619,0.85619,0.85619,0.85619,0.85619,0.85619,0.85619,0.85619,5.53343,5.35357,5.53343,5.53343,5.53343,5.35357,5.34511,9.78761,9.69185,10.19661,9.9917,9.9917,10.19661,13.11505,12.46504,12.63939,12.61411,13.64611,13.08133,10.41847,10.41847,10.21228,10.21228,10.21228,10.21228,10.21228,5.54225,5.73164
MOTU_12_SC_dis_B027_COIF,5.77402,5.77402,5.77402,5.77402,5.77402,5.77402,5.77402,5.77402,5.6451,5.6451,5.77402,5.59449,0.0,0.0,0.0,0.0,0.0,0.0,5.25193,5.25193,10.40788,6.14373,6.14373,5.96257,6.32555,5.96257,6.14373,6.14373,6.32555,5.07368,5.61036,5.07368,5.07368,5.43082,5.43082,5.07368,5.07368,5.25193,5.07368,5.07368,5.07368,5.07368,5.07368,10.42249,10.42249,10.61895,10.31458,10.26752,10.32914,10.61895,10.42249,10.42249,10.42249,0.81435,0.81435,0.81435,0.81435,0.81435,0.81435,0.81435,0.81435,0.81435,0.81435,5.59449,5.423,5.59449,5.59449,5.59449,5.423,5.4156,9.64426,9.55217,10.03186,9.83768,9.83768,10.03186,12.5897,11.95635,12.12173,12.61411,12.96017,12.61464,10.22679,10.22679,10.02553,10.03186,10.03186,10.03186,10.03186,5.43082,5.61036
MOTU_13_SC_vit_L0750_COIF,2.2725,2.2725,2.2725,2.2725,2.2725,2.2725,2.2725,2.43639,3.58847,3.58847,3.959,3.78777,5.18164,5.18164,5.18164,5.18164,5.35357,5.25193,0.0,0.0,8.40516,1.7832,2.11433,2.28072,1.94849,2.28072,1.7832,1.7832,2.28072,1.62089,2.11758,1.62089,1.62089,1.95147,1.95147,1.62089,1.62089,1.7859,1.62089,1.62089,1.62089,1.62089,1.62089,8.7675,8.7675,8.58023,8.95263,8.58527,8.9303,8.58023,8.7675,8.7675,8.7675,4.65624,5.0059,4.65624,4.65624,4.65624,4.65624,4.65624,4.65624,4.65624,4.65624,2.7725,2.60818,2.7725,2.7725,2.7725,2.60818,2.60528,8.39366,8.29305,8.7675,8.58023,8.58023,8.7675,10.26258,9.78175,9.92754,10.74036,10.53844,9.83849,8.95547,9.01774,9.02749,8.7675,8.7675,8.7675,8.7675,0.48077,0.64206
MOTU_13_SC_vit_L733_COIF,2.2725,2.2725,2.2725,2.2725,2.2725,2.2725,2.2725,2.43639,3.58847,3.58847,3.959,3.78777,5.18164,5.18164,5.18164,5.18164,5.35357,5.25193,0.0,0.0,8.40516,1.7832,2.11433,2.28072,1.94849,2.28072,1.7832,1.7832,2.28072,1.62089,2.11758,1.62089,1.62089,1.95147,1.95147,1.62089,1.62089,1.7859,1.62089,1.62089,1.62089,1.62089,1.62089,8.7675,8.7675,8.58023,8.95263,8.58527,8.9303,8.58023,8.7675,8.7675,8.7675,4.65624,5.0059,4.65624,4.65624,4.65624,4.65624,4.65624,4.65624,4.65624,4.65624,2.7725,2.60818,2.7725,2.7725,2.7725,2.60818,2.60528,8.39366,8.29305,8.7675,8.58023,8.58023,8.7675,10.26258,9.78175,9.92754,10.74036,10.53844,9.83849,8.95547,9.01774,9.02749,8.7675,8.7675,8.7675,8.7675,0.48077,0.64206
MOTU_14_SC_nas_L1179_COIF,9.48546,9.48546,9.48546,9.48546,9.48546,9.48546,9.48546,9.66303,8.35473,8.35473,8.56883,8.38261,10.26258,10.26258,10.26258,10.26258,10.59299,10.40788,8.40516,8.40516,0.0,8.20779,8.58023,8.7675,8.0226,8.7675,8.20779,8.20779,8.58023,9.34681,9.53728,9.34681,9.34681,9.72849,9.72849,9.34681,9.34681,9.53728,9.34681,9.34681,9.34681,9.34681,9.34681,1.61846,1.61846,1.45425,1.65051,1.65324,1.71565,1.45425,1.61846,1.61846,1.61846,9.68786,10.07027,9.68786,9.68786,9.68786,9.68786,9.68786,9.68786,9.68786,9.68786,9.1081,9.11967,9.1081,9.1081,9.1081,9.11967,8.92049,1.29059,1.13846,1.29059,1.12745,1.12745,1.29059,7.64459,7.45127,7.60187,7.84887,7.4696,7.53515,2.60818,2.6253,2.3863,2.44123,2.44123,2.44123,2.44123,8.59208,8.77969
MOTU_1_SC_vit_L100_COI,3.44314,3.44314,3.44314,3.44314,3.44314,3.44314,3.44314,3.60912,4.83653,4.83653,5.16745,4.99232,6.06089,6.06089,6.06089,6.06089,6.1027,6.14373,1.7832,1.7832,8.20779,0.0,0.32,0.48077,0.15974,0.48077,0.0,0.0,0.48077,2.78323,3.29085,2.78323,2.78323,3.12107,3.12107,2.78323,2.78323,2.95187,2.78323,2.78323,2.78323,2.78323,2.78323,8.56883,8.56883,8.38261,8.74916,8.38358,8.71934,8.38261,8.56883,8.56883,8.56883,5.52707,5.88231,5.52707,5.52707,5.52707,5.52707,5.52707,5.52707,5.52707,5.52707,3.61292,3.44705,3.61292,3.61292,3.61292,3.44705,3.44314,8.19708,8.09519,8.56883,8.38261,8.38261,8.56883,9.86569,9.56975,9.51806,10.04001,10.12946,9.62883,9.13168,9.19522,9.01439,8.94336,8.94336,8.94336,8.94336,2.28072,2.44766
MOTU_1_SC_vit_L197_COIF,3.1053,3.1053,3.1053,3.1053,3.1053,3.1053,3.1053,3.27071,5.20017,5.20017,5.51956,5.34319,6.06089,6.06089,6.06089,6.06089,6.1027,6.14373,2.11433,2.11433,8.58023,0.32,0.0,0.48077,0.48077,0.48077,0.32,0.32,0.48077,2.78323,3.29085,2.78323,2.78323,3.12107,3.12107,2.78323,2.78323,2.95187,2.78323,2.78323,2.78323,2.78323,2.78323,8.56883,8.56883,8.38261,8.74916,8.38358,8.71934,8.38261,8.56883,8.56883,8.56883,5.52707,5.88231,5.52707,5.52707,5.52707,5.52707,5.52707,5.52707,5.52707,5.52707,3.61292,3.44705,3.61292,3.61292,3.61292,3.44705,3.44314,8.19708,8.09519,8.56883,8.38261,8.38261,8.56883,9.48546,9.17449,9.12513,9.81428,9.73807,9.43313,9.13168,9.19522,9.01439,8.94336,8.94336,8.94336,8.94336,2.28072,2.44766
MOTU_1_SC_vit_L205_COIF,3.44314,3.44314,3.44314,3.44314,3.44314,3.44314,3.44314,3.60912,5.01802,5.01802,5.34319,5.16745,5.88231,5.88231,5.88231,5.88231,5.91222,5.96257,2.28072,2.28072,8.7675,0.48077,0.48077,0.0,0.64206,0.0,0.48077,0.48077,0.64206,2.95187,3.46121,2.95187,2.95187,3.29085,3.29085,2.95187,2.95187,3.12107,2.95187,2.95187,2.95187,2.95187,2.95187,8.38261,8.38261,8.56883,8.55868,8.19418,8.52171,8.56883,8.38261,8.38261,8.38261,5.70438,5.70438,5.70438,5.70438,5.70438,5.70438,5.70438,5.70438,5.70438,5.70438,3.78328,3.61712,3.78328,3.78328,3.78328,3.61712,3.61292,8.38261,8.28211,8.75574,8.56883,8.56883,8.75574,10.0569,9.56975,9.71568,10.26677,10.32631,10.02253,8.94336,9.00546,8.81754,8.75574,8.75574,8.75574,8.75574,2.78323,2.95187
MOTU_1_SC_vit_L206_COIF,3.61292,3.61292,3.61292,3.61292,3.61292,3.61292,3.61292,3.77919,4.6557,4.6557,4.99232,4.8178,6.2401,6.2401,6.2401,6.2401,6.2939,6.32555,1.94849,1.94849,8.0226,0.15974,0.48077,0.64206,0.0,0.64206,0.15974,0.15974,0.64206,2.95187,3.46121,2.95187,2.95187,3.29085,3.29085,2.95187,2.95187,3.12107,2.95187,2.95187,2.95187,2.95187,2.95187,8.38261,8.38261,8.19708,8.55868,8.19418,8.52171,8.19708,8.38261,8.38261,8.38261,5.70438,6.06089,5.70438,5.70438,5.70438,5.70438,5.70438,5.70438,5.70438,5.70438,3.78328,3.61712,3.78328,3.78328,3.78328,3.61712,3.61292,8.01223,7.90897,8.38261,8.19708,8.19708,8.38261,9.67522,9.37173,9.3212,9.81428,9.93338,9.43313,8.94336,9.00546,8.81754,8.75574,8.75574,8.75574,8.75574,2.44766,2.61517
MOTU_1_SC_vit_L207_COI,3.44314,3.44314,3.44314,3.44314,3.44314,3.44314,3.44314,3.60912,5.01802,5.01802,5.34319,5.16745,5.88231,5.88231,5.88231,5.88231,5.91222,5.96257,2.28072,2.28072,8.7675,0.48077,0.48077,0.0,0.64206,0.0,0.48077,0.48077,0.64206,2.95187,3.46121,2.95187,2.95187,3.29085,3.29085,2.95187,2.95187,3.12107,2.95187,2.95187,2.95187,2.95187,2.95187,8.38261,8.38261,8.56883,8.55868,8.19418,8.52171,8.56883,8.38261,8.38261,8.38261,5.70438,5.70438,5.70438,5.70438,5.70438,5.70438,5.70438,5.70438,5.70438,5.70438,3.78328,3.61712,3.78328,3.78328,3.78328,3.61712,3.61292,8.38261,8.28211,8.75574,8.56883,8.56883,8.75574,10.0569,9.56975,9.71568,10.26677,10.32631,10.02253,8.94336,9.00546,8.81754,8.75574,8.75574,8.75574,8.75574,2.78323,2.95187
MOTU_1_SC_vit_L208_COIF,3.44314,3.44314,3.44314,3.44314,3.44314,3.44314,3.44314,3.60912,4.83653,4.83653,5.16745,4.99232,6.06089,6.06089,6.06089,6.06089,6.1027,6.14373,1.7832,1.7832,8.20779,0.0,0.32,0.48077,0.15974,0.48077,0.0,0.0,0.48077,2.78323,3.29085,2.78323,2.78323,3.12107,3.12107,2.78323,2.78323,2.95187,2.78323,2.78323,2.78323,2.78323,2.78323,8.56883,8.56883,8.38261,8.74916,8.38358,8.71934,8.38261,8.56883,8.56883,8.56883,5.52707,5.88231,5.52707,5.52707,5.52707,5.52707,5.52707,5.52707,5.52707,5.52707,3.61292,3.44705,3.61292,3.61292,3.61292,3.44705,3.44314,8.19708,8.09519,8.56883,8.38261,8.38261,8.56883,9.86569,9.56975,9.51806,10.04001,10.12946,9.62883,9.13168,9.19522,9.01439,8.94336,8.94336,8.94336,8.94336,2.28072,2.44766
MOTU_1_SC_vit_L209_COIF,3.44314,3.44314,3.44314,3.44314,3.44314,3.44314,3.44314,3.60912,4.83653,4.83653,5.16745,4.99232,6.06089,6.06089,6.06089,6.06089,6.1027,6.14373,1.7832,1.7832,8.20779,0.0,0.32,0.48077,0.15974,0.48077,0.0,0.0,0.48077,2.78323,3.29085,2.78323,2.78323,3.12107,3.12107,2.78323,2.78323,2.95187,2.78323,2.78323,2.78323,2.78323,2.78323,8.56883,8.56883,8.38261,8.74916,8.38358,8.71934,8.38261,8.56883,8.56883,8.56883,5.52707,5.88231,5.52707,5.52707,5.52707,5.52707,5.52707,5.52707,5.52707,5.52707,3.61292,3.44705,3.61292,3.61292,3.61292,3.44705,3.44314,8.19708,8.09519,8.56883,8.38261,8.38261,8.56883,9.86569,9.56975,9.51806,10.04001,10.12946,9.62883,9.13168,9.19522,9.01439,8.94336,8.94336,8.94336,8.94336,2.28072,2.44766
MOTU_1_SC_vit_L380_COI,3.61292,3.61292,3.61292,3.61292,3.61292,3.61292,3.61292,3.77919,5.20017,5.20017,5.51956,5.34319,6.2401,6.2401,6.2401,6.2401,6.2939,6.32555,2.28072,2.28072,8.58023,0.48077,0.48077,0.64206,0.64206,0.64206,0.48077,0.48077,0.0,2.95187,3.46121,2.95187,2.95187,3.29085,3.29085,2.95187,2.95187,3.12107,2.95187,2.95187,2.95187,2.95187,2.95187,8.56883,8.56883,8.38261,8.74916,8.38358,8.71934,8.38261,8.56883,8.56883,8.56883,5.70438,6.06089,5.70438,5.70438,5.70438,5.70438,5.70438,5.70438,5.70438,5.70438,3.78328,3.61712,3.78328,3.78328,3.78328,3.61712,3.61292,8.19708,8.09519,8.56883,8.38261,8.38261,8.56883,9.67522,9.37173,9.3212,10.04001,9.93338,9.62883,9.13168,9.19522,9.01439,8.94336,8.94336,8.94336,8.94336,2.78323,2.95187
MOTU_2_SC_fas_B011_COI,2.60528,2.60528,2.60528,2.60528,2.60528,2.60528,2.60528,2.76973,3.94371,3.94371,4.30323,4.13082,5.18164,5.18164,5.18164,5.18164,5.1656,5.07368,1.62089,1.62089,9.34681,2.78323,2.78323,2.95187,2.95187,2.95187,2.78323,2.78323,2.95187,0.0,0.48077,0.0,0.0,0.32,0.32,0.0,0.0,0.15974,0.0,0.0,0.0,0.0,0.0,8.95547,8.95547,8.7675,8.95263,8.77647,8.9303,8.7675,8.95547,8.95547,8.95547,5.0059,5.35801,5.0059,5.0059,5.0059,5.0059,5.0059,5.0059,5.0059,5.0059,2.7725,2.60818,2.7725,2.7725,2.7725,2.60818,2.60528,8.58023,8.48102,8.95547,8.7675,8.7675,8.95547,10.45563,9.98175,10.12714,10.74036,10.73725,10.43373,9.14414,9.01774,9.02749,8.95547,8.95547,8.95547,8.95547,2.11758,2.28425
MOTU_2_SC_fas_L0544_COIF,3.10864,3.10864,3.10864,3.10864,3.10864,3.10864,3.10864,3.27393,4.30149,4.30149,4.82407,4.64986,5.71262,5.71262,5.71262,5.71262,5.73164,5.61036,2.11758,2.11758,9.53728,3.29085,3.29085,3.46121,3.46121,3.46121,3.29085,3.29085,3.46121,0.48077,0.0,0.48077,0.48077,0.15974,0.15974,0.48077,0.48077,0.64206,0.48077,0.48077,0.48077,0.48077,0.48077,9.14414,9.14414,8.95547,9.14494,8.96841,8.9303,8.95547,9.14414,9.14414,9.14414,5.535,5.535,5.535,5.535,5.535,5.535,5.535,5.535,5.535,5.535,3.27756,3.11238,3.27756,3.27756,3.27756,3.11238,2.94029,8.7675,8.6697,9.14414,8.95547,8.95547,9.14414,10.26258,9.98175,10.12714,10.74036,10.53844,10.23453,9.33354,9.20786,9.22551,9.14414,9.14414,9.14414,9.14414,2.61926,2.78761
MOTU_2_SC_fas_L0629_COIF,2.60528,2.60528,2.60528,2.60528,2.60528,2.60528,2.60528,2.76973,3.94371,3.94371,4.30323,4.13082,5.18164,5.18164,5.18164,5.18164,5.1656,5.07368,1.62089,1.62089,9.34681,2.78323,2.78323,2.95187,2.95187,2.95187,2.78323,2.78323,2.95187,0.0,0.48077,0.0,0.0,0.32,0.32,0.0,0.0,0.15974,0.0,0.0,0.0,0.0,0.0,8.95547,8.95547,8.7675,8.95263,8.77647,8.9303,8.7675,8.95547,8.95547,8.95547,5.0059,5.35801,5.0059,5.0059,5.0059,5.0059,5.0059,5.0059,5.0059,5.0059,2.7725,2.60818,2.7725,2.7725,2.7725,2.60818,2.60528,8.58023,8.48102,8.95547,8.7675,8.7675,8.95547,10.45563,9.98175,10.12714,10.74036,10.73725,10.43373,9.14414,9.01774,9.02749,8.95547,8.95547,8.95547,8.95547,2.11758,2.28425
MOTU_2_SC_fas_L0650_COIF,2.60528,2.60528,2.60528,2.60528,2.60528,2.60528,2.60528,2.76973,3.94371,3.94371,4.30323,4.13082,5.18164,5.18164,5.18164,5.18164,5.1656,5.07368,1.62089,1.62089,9.34681,2.78323,2.78323,2.95187,2.95187,2.95187,2.78323,2.78323,2.95187,0.0,0.48077,0.0,0.0,0.32,0.32,0.0,0.0,0.15974,0.0,0.0,0.0,0.0,0.0,8.95547,8.95547,8.7675,8.95263,8.77647,8.9303,8.7675,8.95547,8.95547,8.95547,5.0059,5.35801,5.0059,5.0059,5.0059,5.0059,5.0059,5.0059,5.0059,5.0059,2.7725,2.60818,2.7725,2.7725,2.7725,2.60818,2.60528,8.58023,8.48102,8.95547,8.7675,8.7675,8.95547,10.45563,9.98175,10.12714,10.74036,10.73725,10.43373,9.14414,9.01774,9.02749,8.95547,8.95547,8.95547,8.95547,2.11758,2.28425
MOTU_2_SC_fas_L082_COI,2.94029,2.94029,2.94029,2.94029,2.94029,2.94029,2.94029,3.1053,4.12228,4.12228,4.64986,4.47625,5.535,5.535,5.535,5.535,5.54225,5.43082,1.95147,1.95147,9.72849,3.12107,3.12107,3.29085,3.29085,3.29085,3.12107,3.12107,3.29085,0.32,0.15974,0.32,0.32,0.0,0.0,0.32,0.32,0.48077,0.32,0.32,0.32,0.32,0.32,9.33354,9.33354,9.14414,9.33799,9.16109,9.1299,9.14414,9.33354,9.33354,9.33354,5.35801,5.35801,5.35801,5.35801,5.35801,5.35801,5.35801,5.35801,5.35801,5.35801,3.10864,2.94375,3.10864,3.10864,3.10864,2.94375,2.94029,8.95547,8.85909,9.33354,9.14414,9.14414,9.33354,10.45563,10.18256,10.32754,10.97077,10.73725,10.43373,9.52365,9.3987,9.42432,9.33354,9.33354,9.33354,9.33354,2.45147,2.61926
MOTU_2_SC_fas_L0936_COIF,2.94029,2.94029,2.94029,2.94029,2.94029,2.94029,2.94029,3.1053,4.12228,4.12228,4.64986,4.47625,5.535,5.535,5.535,5.535,5.54225,5.43082,1.95147,1.95147,9.72849,3.12107,3.12107,3.29085,3.29085,3.29085,3.12107,3.12107,3.29085,0.32,0.15974,0.32,0.32,0.0,0.0,0.32,0.32,0.48077,0.32,0.32,0.32,0.32,0.32,9.33354,9.33354,9.14414,9.33799,9.16109,9.1299,9.14414,9.33354,9.33354,9.33354,5.35801,5.35801,5.35801,5.35801,5.35801,5.35801,5.35801,5.35801,5.35801,5.35801,3.10864,2.94375,3.10864,3.10864,3.10864,2.94375,2.94029,8.95547,8.85909,9.33354,9.14414,9.14414,9.33354,10.45563,10.18256,10.32754,10.97077,10.73725,10.43373,9.52365,9.3987,9.42432,9.33354,9.33354,9.33354,9.33354,2.45147,2.61926
MOTU_2_SC_fas_L0951_COI,2.60528,2.60528,2.60528,2.60528,2.60528,2.60528,2.60528,2.76973,3.94371,3.94371,4.30323,4.13082,5.18164,5.18164,5.18164,5.18164,5.1656,5.07368,1.62089,1.62089,9.34681,2.78323,2.78323,2.95187,2.95187,2.95187,2.78323,2.78323,2.95187,0.0,0.48077,0.0,0.0,0.32,0.32,0.0,0.0,0.15974,0.0,0.0,0.0,0.0,0.0,8.95547,8.95547,8.7675,8.95263,8.77647,8.9303,8.7675,8.95547,8.95547,8.95547,5.0059,5.35801,5.0059,5.0059,5.0059,5.0059,5.0059,5.0059,5.0059,5.0059,2.7725,2.60818,2.7725,2.7725,2.7725,2.60818,2.60528,8.58023,8.48102,8.95547,8.7675,8.7675,8.95547,10.45563,9.98175,10.12714,10.74036,10.73725,10.43373,9.14414,9.01774,9.02749,8.95547,8.95547,8.95547,8.95547,2.11758,2.28425
MOTU_2_SC_fas_L0968_COIF,2.60528,2.60528,2.60528,2.60528,2.60528,2.60528,2.60528,2.76973,3.94371,3.94371,4.30323,4.13082,5.18164,5.18164,5.18164,5.18164,5.1656,5.07368,1.62089,1.62089,9.34681,2.78323,2.78323,2.95187,2.95187,2.95187,2.78323,2.78323,2.95187,0.0,0.48077,0.0,0.0,0.32,0.32,0.0,0.0,0.15974,0.0,0.0,0.0,0.0,0.0,8.95547,8.95547,8.7675,8.95263,8.77647,8.9303,8.7675,8.95547,8.95547,8.95547,5.0059,5.35801,5.0059,5.0059,5.0059,5.0059,5.0059,5.0059,5.0059,5.0059,2.7725,2.60818,2.7725,2.7725,2.7725,2.60818,2.60528,8.58023,8.48102,8.95547,8.7675,8.7675,8.95547,10.45563,9.98175,10.12714,10.74036,10.73725,10.43373,9.14414,9.01774,9.02749,8.95547,8.95547,8.95547,8.95547,2.11758,2.28425
MOTU_2_SC_fas_L259_COIF,2.7725,2.7725,2.7725,2.7725,2.7725,2.7725,2.7725,2.93723,4.12228,4.12228,4.47625,4.30323,5.35801,5.35801,5.35801,5.35801,5.35357,5.25193,1.7859,1.7859,9.53728,2.95187,2.95187,3.12107,3.12107,3.12107,2.95187,2.95187,3.12107,0.15974,0.64206,0.15974,0.15974,0.48077,0.48077,0.15974,0.15974,0.0,0.15974,0.15974,0.15974,0.15974,0.15974,9.14414,9.14414,8.95547,9.14494,8.96841,9.1299,8.95547,9.14414,9.14414,9.14414,5.18164,5.535,5.18164,5.18164,5.18164,5.18164,5.18164,5.18164,5.18164,5.18164,2.94029,2.77568,2.94029,2.94029,2.94029,2.77568,2.7725,8.7675,8.6697,9.14414,8.95547,8.95547,9.14414,10.64943,10.18256,10.32754,10.97077,10.93685,10.63373,9.33354,9.20786,9.22551,9.14414,9.14414,9.14414,9.14414,2.28425,2.45147
MOTU_2_SC_fas_L541_COI,2.60528,2.60528,2.60528,2.60528,2.60528,2.60528,2.60528,2.76973,3.94371,3.94371,4.30323,4.13082,5.18164,5.18164,5.18164,5.18164,5.1656,5.07368,1.62089,1.62089,9.34681,2.78323,2.78323,2.95187,2.95187,2.95187,2.78323,2.78323,2.95187,0.0,0.48077,0.0,0.0,0.32,0.32,0.0,0.0,0.15974,0.0,0.0,0.0,0.0,0.0,8.95547,8.95547,8.7675,8.95263,8.77647,8.9303,8.7675,8.95547,8.95547,8.95547,5.0059,5.35801,5.0059,5.0059,5.0059,5.0059,5.0059,5.0059,5.0059,5.0059,2.7725,2.60818,2.7725,2.7725,2.7725,2.60818,2.60528,8.58023,8.48102,8.95547,8.7675,8.7675,8.95547,10.45563,9.98175,10.12714,10.74036,10.73725,10.43373,9.14414,9.01774,9.02749,8.95547,8.95547,8.95547,8.95547,2.11758,2.28425
MOTU_2_SC_fas_L542_COI,2.60528,2.60528,2.60528,2.60528,2.60528,2.60528,2.60528,2.76973,3.94371,3.94371,4.30323,4.13082,5.18164,5.18164,5.18164,5.18164,5.1656,5.07368,1.62089,1.62089,9.34681,2.78323,2.78323,2.95187,2.95187,2.95187,2.78323,2.78323,2.95187,0.0,0.48077,0.0,0.0,0.32,0.32,0.0,0.0,0.15974,0.0,0.0,0.0,0.0,0.0,8.95547,8.95547,8.7675,8.95263,8.77647,8.9303,8.7675,8.95547,8.95547,8.95547,5.0059,5.35801,5.0059,5.0059,5.0059,5.0059,5.0059,5.0059,5.0059,5.0059,2.7725,2.60818,2.7725,2.7725,2.7725,2.60818,2.60528,8.58023,8.48102,8.95547,8.7675,8.7675,8.95547,10.45563,9.98175,10.12714,10.74036,10.73725,10.43373,9.14414,9.01774,9.02749,8.95547,8.95547,8.95547,8.95547,2.11758,2.28425
MOTU_2_SC_fas_L626_COI,2.60528,2.60528,2.60528,2.60528,2.60528,2.60528,2.60528,2.76973,3.94371,3.94371,4.30323,4.13082,5.18164,5.18164,5.18164,5.18164,5.1656,5.07368,1.62089,1.62089,9.34681,2.78323,2.78323,2.95187,2.95187,2.95187,2.78323,2.78323,2.95187,0.0,0.48077,0.0,0.0,0.32,0.32,0.0,0.0,0.15974,0.0,0.0,0.0,0.0,0.0,8.95547,8.95547,8.7675,8.95263,8.77647,8.9303,8.7675,8.95547,8.95547,8.95547,5.0059,5.35801,5.0059,5.0059,5.0059,5.0059,5.0059,5.0059,5.0059,5.0059,2.7725,2.60818,2.7725,2.7725,2.7725,2.60818,2.60528,8.58023,8.48102,8.95547,8.7675,8.7675,8.95547,10.45563,9.98175,10.12714,10.74036,10.73725,10.43373,9.14414,9.01774,9.02749,8.95547,8.95547,8.95547,8.95547,2.11758,2.28425
MOTU_2_SC_fas_L698_COI,2.60528,2.60528,2.60528,2.60528,2.60528,2.60528,2.60528,2.76973,3.94371,3.94371,4.30323,4.13082,5.18164,5.18164,5.18164,5.18164,5.1656,5.07368,1.62089,1.62089,9.34681,2.78323,2.78323,2.95187,2.95187,2.95187,2.78323,2.78323,2.95187,0.0,0.48077,0.0,0.0,0.32,0.32,0.0,0.0,0.15974,0.0,0.0,0.0,0.0,0.0,8.95547,8.95547,8.7675,8.95263,8.77647,8.9303,8.7675,8.95547,8.95547,8.95547,5.0059,5.35801,5.0059,5.0059,5.0059,5.0059,5.0059,5.0059,5.0059,5.0059,2.7725,2.60818,2.7725,2.7725,2.7725,2.60818,2.60528,8.58023,8.48102,8.95547,8.7675,8.7675,8.95547,10.45563,9.98175,10.12714,10.74036,10.73725,10.43373,9.14414,9.01774,9.02749,8.95547,8.95547,8.95547,8.95547,2.11758,2.28425
MOTU_2_SC_fas_L918_COI,2.60528,2.60528,2.60528,2.60528,2.60528,2.60528,2.60528,2.76973,3.94371,3.94371,4.30323,4.13082,5.18164,5.18164,5.18164,5.18164,5.1656,5.07368,1.62089,1.62089,9.34681,2.78323,2.78323,2.95187,2.95187,2.95187,2.78323,2.78323,2.95187,0.0,0.48077,0.0,0.0,0.32,0.32,0.0,0.0,0.15974,0.0,0.0,0.0,0.0,0.0,8.95547,8.95547,8.7675,8.95263,8.77647,8.9303,8.7675,8.95547,8.95547,8.95547,5.0059,5.35801,5.0059,5.0059,5.0059,5.0059,5.0059,5.0059,5.0059,5.0059,2.7725,2.60818,2.7725,2.7725,2.7725,2.60818,2.60528,8.58023,8.48102,8.95547,8.7675,8.7675,8.95547,10.45563,9.98175,10.12714,10.74036,10.73725,10.43373,9.14414,9.01774,9.02749,8.95547,8.95547,8.95547,8.95547,2.11758,2.28425
MOTU_3_SC_nas_B016_COI,9.30835,9.30835,9.30835,9.30835,9.30835,9.30835,9.30835,9.48546,7.98067,7.98067,8.20779,8.0226,10.27677,10.27677,10.27677,10.27677,10.60899,10.42249,8.7675,8.7675,1.61846,8.56883,8.56883,8.38261,8.38261,8.38261,8.56883,8.56883,8.56883,8.95547,9.14414,8.95547,8.95547,9.33354,9.33354,8.95547,8.95547,9.14414,8.95547,8.95547,8.95547,8.95547,8.95547,0.0,0.0,0.15974,0.0,0.0,0.0,0.15974,0.32,0.32,0.32,10.08409,10.08409,10.08409,10.08409,10.08409,10.08409,10.08409,10.08409,10.08409,10.08409,8.9317,8.94336,8.9317,8.9317,8.9317,8.94336,8.74443,0.96621,0.81171,0.96621,0.80388,0.80388,0.96621,6.74516,6.51387,6.85414,7.21124,6.36796,6.79435,2.27758,2.2925,2.04131,2.11147,2.11147,2.11147,2.11147,8.95547,9.14414
MOTU_3_SC_nas_B019_COI,9.30835,9.30835,9.30835,9.30835,9.30835,9.30835,9.30835,9.48546,7.98067,7.98067,8.20779,8.0226,10.27677,10.27677,10.27677,10.27677,10.60899,10.42249,8.7675,8.7675,1.61846,8.56883,8.56883,8.38261,8.38261,8.38261,8.56883,8.56883,8.56883,8.95547,9.14414,8.95547,8.95547,9.33354,9.33354,8.95547,8.95547,9.14414,8.95547,8.95547,8.95547,8.95547,8.95547,0.0,0.0,0.15974,0.0,0.0,0.0,0.15974,0.32,0.32,0.32,10.08409,10.08409,10.08409,10.08409,10.08409,10.08409,10.08409,10.08409,10.08409,10.08409,8.9317,8.94336,8.9317,8.9317,8.9317,8.94336,8.74443,0.96621,0.81171,0.96621,0.80388,0.80388,0.96621,6.74516,6.51387,6.85414,7.21124,6.36796,6.79435,2.27758,2.2925,2.04131,2.11147,2.11147,2.11147,2.11147,8.95547,9.14414
MOTU_3_SC_nas_L1066_COI,9.11967,9.11967,9.11967,9.11967,9.11967,9.11967,9.11967,9.29643,8.17298,8.17298,8.39366,8.20779,10.4702,10.4702,10.4702,10.4702,10.81646,10.61895,8.58023,8.58023,1.45425,8.38261,8.38261,8.56883,8.19708,8.56883,8.38261,8.38261,8.38261,8.7675,8.95547,8.7675,8.7675,9.14414,9.14414,8.7675,8.7675,8.95547,8.7675,8.7675,8.7675,8.7675,8.7675,0.15974,0.15974,0.0,0.16287,0.16313,0.1692,0.0,0.48077,0.48077,0.48077,9.89215,10.27677,9.89215,9.89215,9.89215,9.89215,9.89215,9.89215,9.89215,9.89215,8.74443,8.75574,8.74443,8.74443,8.74443,8.75574,8.55787,0.80388,0.64831,0.80388,0.64206,0.64206,0.80388,6.5653,6.3266,6.66652,6.99664,6.18514,6.60848,2.44425,2.46029,2.21522,2.27758,2.27758,2.27758,2.27758,8.7675,8.95547
MOTU_3_SC_nas_L1093_ANOSCOIF,9.50549,9.50549,9.50549,9.50549,9.50549,9.50549,9.50549,9.50549,8.15455,8.15455,8.3801,8.19071,10.31458,10.31458,10.31458,10.31458,10.60899,10.31458,8.95263,8.95263,1.65051,8.74916,8.74916,8.55868,8.55868,8.55868,8.74916,8.74916,8.74916,8.95263,9.14494,8.95263,8.95263,9.33799,9.33799,8.95263,8.95263,9.14494,8.95263,8.95263,8.95263,8.95263,8.95263,0.0,0.0,0.16287,0.0,0.0,0.0,0.16287,0.32627,0.32627,0.32627,10.11773,10.11773,10.11773,10.11773,10.11773,10.11773,10.11773,10.11773,10.11773,10.11773,9.12013,9.1323,9.12013,9.12013,9.12013,9.1323,8.92856,0.98525,0.82783,0.98525,0.81969,0.81969,0.98525,6.88466,6.64267,7.00201,7.21124,6.49099,6.91499,2.32294,2.32294,2.04131,2.15345,2.15345,2.15345,2.15345,9.14494,9.33799
MOTU_3_SC_nas_L1099_ANOSCOIF,9.1362,9.1362,9.1362,9.1362,9.1362,9.1362,9.1362,9.31676,7.98067,7.98067,8.20504,8.016,10.1212,10.1212,10.1212,10.1212,10.44929,10.26752,8.58527,8.58527,1.65324,8.38358,8.38358,8.19418,8.19418,8.19418,8.38358,8.38358,8.38358,8.77647,8.96841,8.77647,8.77647,9.16109,9.16109,8.77647,8.77647,8.96841,8.77647,8.77647,8.77647,8.77647,8.77647,0.0,0.0,0.16313,0.0,0.0,0.0,0.16313,0.3268,0.3268,0.3268,9.92512,9.92512,9.92512,9.92512,9.92512,9.92512,9.92512,9.92512,9.92512,9.92512,8.75305,8.76453,8.75305,8.75305,8.75305,8.76453,8.56258,0.82104,0.82104,0.98687,0.82104,0.82104,0.98687,6.89655,6.51387,6.85414,7.21124,6.47961,6.91499,2.15702,2.17143,1.91017,1.98781,1.98781,1.98781,1.98781,8.77647,8.96841
MOTU_3_SC_nas_L1100_ANOSCOIF,9.50452,9.50452,9.50452,9.50452,9.50452,9.50452,9.50452,9.50452,8.13977,8.13977,8.33623,8.13977,10.32914,10.32914,10.32914,10.32914,10.47796,10.32914,8.9303,8.9303,1.71565,8.71934,8.71934,8.52171,8.52171,8.52171,8.71934,8.71934,8.71934,8.9303,8.9303,8.9303,8.9303,9.1299,9.1299,8.9303,8.9303,9.1299,8.9303,8.9303,8.9303,8.9303,8.9303,0.0,0.0,0.1692,0.0,0.0,0.0,0.1692,0.33898,0.33898,0.33898,10.12506,10.12506,10.12506,10.12506,10.12506,10.12506,10.12506,10.12506,10.12506,10.12506,9.10452,9.11696,9.10452,9.10452,9.10452,9.11696,8.90571,0.85181,0.85181,1.02393,0.85181,0.85181,1.02393,6.97693,6.66663,7.02728,7.21124,6.54541,6.97275,2.23875,2.23875,1.95083,2.06301,2.06301,2.06301,2.06301,9.1299,9.3303
MOTU_3_SC_nas_L1111_ANOSCOIF,9.11967,9.11967,9.11967,9.11967,9.11967,9.11967,9.11967,9.29643,8.17298,8.17298,8.39366,8.20779,10.4702,10.4702,10.4702,10.4702,10.81646,10.61895,8.58023,8.58023,1.45425,8.38261,8.38261,8.56883,8.19708,8.56883,8.38261,8.38261,8.38261,8.7675,8.95547,8.7675,8.7675,9.14414,9.14414,8.7675,8.7675,8.95547,8.7675,8.7675,8.7675,8.7675,8.7675,0.15974,0.15974,0.0,0.16287,0.16313,0.1692,0.0,0.48077,0.48077,0.48077,9.89215,10.27677,9.89215,9.89215,9.89215,9.89215,9.89215,9.89215,9.89215,9.89215,8.74443,8.75574,8.74443,8.74443,8.74443,8.75574,8.55787,0.80388,0.64831,0.80388,0.64206,0.64206,0.80388,6.5653,6.3266,6.66652,6.99664,6.18514,6.60848,2.44425,2.46029,2.21522,2.27758,2.27758,2.27758,2.27758,8.7675,8.95547
MOTU_3_SC_nas_L243_COI,9.30835,9.30835,9.30835,9.30835,9.30835,9.30835,9.30835,9.48546,7.7891,7.7891,8.0226,7.8381,10.27677,10.27677,10.27677,10.27677,10.60899,10.42249,8.7675,8.7675,1.61846,8.56883,8.56883,8.38261,8.38261,8.38261,8.56883,8.56883,8.56883,8.95547,9.14414,8.95547,8.95547,9.33354,9.33354,8.95547,8.95547,9.14414,8.95547,8.95547,8.95547,8.95547,8.95547,0.32,0.32,0.48077,0.32627,0.3268,0.33898,0.48077,0.0,0.0,0.0,10.08409,10.08409,10.08409,10.08409,10.08409,10.08409,10.08409,10.08409,10.08409,10.08409,8.9317,8.94336,8.9317,8.9317,8.9317,8.94336,8.74443,1.29248,1.14011,1.29248,1.12908,1.12908,1.29248,7.10683,6.89052,7.2315,7.6432,6.7356,7.16819,2.27758,2.2925,2.04131,2.11147,2.11147,2.11147,2.11147,8.95547,9.14414
MOTU_3_SC_nas_L244_COIF,9.30835,9.30835,9.30835,9.30835,9.30835,9.30835,9.30835,9.48546,7.7891,7.7891,8.0226,7.8381,10.27677,10.27677,10.27677,10.27677,10.60899,10.42249,8.7675,8.7675,1.61846,8.56883,8.56883,8.38261,8.38261,8.38261,8.56883,8.56883,8.56883,8.95547,9.14414,8.95547,8.95547,9.33354,9.33354,8.95547,8.95547,9.14414,8.95547,8.95547,8.95547,8.95547,8.95547,0.32,0.32,0.48077,0.32627,0.3268,0.33898,0.48077,0.0,0.0,0.0,10.08409,10.08409,10.08409,10.08409,10.08409,10.08409,10.08409,10.08409,10.08409,10.08409,8.9317,8.94336,8.9317,8.9317,8.9317,8.94336,8.74443,1.29248,1.14011,1.29248,1.12908,1.12908,1.29248,7.10683,6.89052,7.2315,7.6432,6.7356,7.16819,2.27758,2.2925,2.04131,2.11147,2.11147,2.11147,2.11147,8.95547,9.14414
MOTU_3_SC_nas_L245_COIF,9.30835,9.30835,9.30835,9.30835,9.30835,9.30835,9.30835,9.48546,7.7891,7.7891,8.0226,7.8381,10.27677,10.27677,10.27677,10.27677,10.60899,10.42249,8.7675,8.7675,1.61846,8.56883,8.56883,8.38261,8.38261,8.38261,8.56883,8.56883,8.56883,8.95547,9.14414,8.95547,8.95547,9.33354,9.33354,8.95547,8.95547,9.14414,8.95547,8.95547,8.95547,8.95547,8.95547,0.32,0.32,0.48077,0.32627,0.3268,0.33898,0.48077,0.0,0.0,0.0,10.08409,10.08409,10.08409,10.08409,10.08409,10.08409,10.08409,10.08409,10.08409,10.08409,8.9317,8.94336,8.9317,8.9317,8.9317,8.94336,8.74443,1.29248,1.14011,1.29248,1.12908,1.12908,1.29248,7.10683,6.89052,7.2315,7.6432,6.7356,7.16819,2.27758,2.2925,2.04131,2.11147,2.11147,2.11147,2.11147,8.95547,9.14414
MOTU_4_SC_dis_L236_COI,5.16745,5.16745,5.16745,5.16745,5.16745,5.16745,5.16745,5.33641,5.38298,5.38298,5.51956,5.34319,0.80388,0.80388,0.80388,0.80388,0.85619,0.81435,4.65624,4.65624,9.68786,5.52707,5.52707,5.70438,5.70438,5.70438,5.52707,5.52707,5.70438,5.0059,5.535,5.0059,5.0059,5.35801,5.35801,5.0059,5.0059,5.18164,5.0059,5.0059,5.0059,5.0059,5.0059,10.08409,10.08409,9.89215,10.11773,9.92512,10.12506,9.89215,10.08409,10.08409,10.08409,0.0,0.32,0.0,0.0,0.0,0.0,0.0,0.0,0.0,0.0,5.34319,5.17434,5.34319,5.34319,5.34319,5.17434,5.16745,8.94336,8.84709,9.32072,9.13168,9.13168,9.32072,11.81147,11.18279,11.32548,11.9032,12.15149,11.83359,10.27677,10.34911,10.22755,10.08409,10.08409,10.08409,10.08409,4.48233,5.0059
MOTU_4_SC_dis_L237_COI,5.51956,5.51956,5.51956,5.51956,5.51956,5.51956,5.51956,5.68915,5.38298,5.38298,5.51956,5.34319,0.80388,0.80388,0.80388,0.80388,0.85619,0.81435,5.0059,5.0059,10.07027,5.88231,5.88231,5.70438,6.06089,5.70438,5.88231,5.88231,6.06089,5.35801,5.535,5.35801,5.35801,5.35801,5.35801,5.35801,5.35801,5.535,5.35801,5.35801,5.35801,5.35801,5.35801,10.08409,10.08409,10.27677,10.11773,9.92512,10.12506,10.27677,10.08409,10.08409,10.08409,0.32,0.0,0.32,0.32,0.32,0.32,0.32,0.32,0.32,0.32,5.69655,5.52707,5.69655,5.69655,5.69655,5.52707,5.51956,9.32072,9.22732,9.70095,9.51047,9.51047,9.70095,12.20987,11.59432,11.73616,12.37602,12.56301,12.24512,10.27677,10.34911,10.22755,10.08409,10.08409,10.08409,10.08409,4.83076,5.35801
MOTU_4_SC_dis_L239_COIF,5.16745,5.16745,5.16745,5.16745,5.16745,5.16745,5.16745,5.33641,5.38298,5.38298,5.51956,5.34319,0.80388,0.80388,0.80388,0.80388,0.85619,0.81435,4.65624,4.65624,9.68786,5.52707,5.52707,5.70438,5.70438,5.70438,5.52707,5.52707,5.70438,5.0059,5.535,5.0059,5.0059,5.35801,5.35801,5.0059,5.0059,5.18164,5.0059,5.0059,5.0059,5.0059,5.0059,10.08409,10.08409,9.89215,10.11773,9.92512,10.12506,9.89215,10.08409,10.08409,10.08409,0.0,0.32,0.0,0.0,0.0,0.0,0.0,0.0,0.0,0.0,5.34319,5.17434,5.34319,5.34319,5.34319,5.17434,5.16745,8.94336,8.84709,9.32072,9.13168,9.13168,9.32072,11.81147,11.18279,11.32548,11.9032,12.15149,11.83359,10.27677,10.34911,10.22755,10.08409,10.08409,10.08409,10.08409,4.48233,5.0059
MOTU_4_SC_dis_L242_COIF,5.16745,5.16745,5.16745,5.16745,5.16745,5.16745,5.16745,5.33641,5.38298,5.38298,5.51956,5.34319,0.80388,0.80388,0.80388,0.80388,0.85619,0.81435,4.65624,4.65624,9.68786,5.52707,5.52707,5.70438,5.70438,5.70438,5.52707,5.52707,5.70438,5.0059,5.535,5.0059,5.0059,5.35801,5.35801,5.0059,5.0059,5.18164,5.0059,5.0059,5.0059,5.0059,5.0059,10.08409,10.08409,9.89215,10.11773,9.92512,10.12506,9.89215,10.08409,10.08409,10.08409,0.0,0.32,0.0,0.0,0.0,0.0,0.0,0.0,0.0,0.0,5.34319,5.17434,5.34319,5.34319,5.34319,5.17434,5.16745,8.94336,8.84709,9.32072,9.13168,9.13168,9.32072,11.81147,11.18279,11.32548,11.9032,12.15149,11.83359,10.27677,10.34911,10.22755,10.08409,10.08409,10.08409,10.08409,4.48233,5.0059
MOTU_4_SC_dis_L260_COI,5.16745,5.16745,5.16745,5.16745,5.16745,5.16745,5.16745,5.33641,5.38298,5.38298,5.51956,5.34319,0.80388,0.80388,0.80388,0.80388,0.85619,0.81435,4.65624,4.65624,9.68786,5.52707,5.52707,5.70438,5.70438,5.70438,5.52707,5.52707,5.70438,5.0059,5.535,5.0059,5.0059,5.35801,5.35801,5.0059,5.0059,5.18164,5.0059,5.0059,5.0059,5.0059,5.0059,10.08409,10.08409,9.89215,10.11773,9.92512,10.12506,9.89215,10.08409,10.08409,10.08409,0.0,0.32,0.0,0.0,0.0,0.0,0.0,0.0,0.0,0.0,5.34319,5.17434,5.34319,5.34319,5.34319,5.17434,5.16745,8.94336,8.84709,9.32072,9.13168,9.13168,9.32072,11.81147,11.18279,11.32548,11.9032,12.15149,11.83359,10.27677,10.34911,10.22755,10.08409,10.08409,10.08409,10.08409,4.48233,5.0059
MOTU_4_SC_dis_L261_COIF,5.16745,5.16745,5.16745,5.16745,5.16745,5.16745,5.16745,5.33641,5.38298,5.38298,5.51956,5.34319,0.80388,0.80388,0.80388,0.80388,0.85619,0.81435,4.65624,4.65624,9.68786,5.52707,5.52707,5.70438,5.70438,5.70438,5.52707,5.52707,5.70438,5.0059,5.535,5.0059,5.0059,5.35801,5.35801,5.0059,5.0059,5.18164,5.0059,5.0059,5.0059,5.0059,5.0059,10.08409,10.08409,9.89215,10.11773,9.92512,10.12506,9.89215,10.08409,10.08409,10.08409,0.0,0.32,0.0,0.0,0.0,0.0,0.0,0.0,0.0,0.0,5.34319,5.17434,5.34319,5.34319,5.34319,5.17434,5.16745,8.94336,8.84709,9.32072,9.13168,9.13168,9.32072,11.81147,11.18279,11.32548,11.9032,12.15149,11.83359,10.27677,10.34911,10.22755,10.08409,10.08409,10.08409,10.08409,4.48233,5.0059
MOTU_4_SC_dis_L262_COI,5.16745,5.16745,5.16745,5.16745,5.16745,5.16745,5.16745,5.33641,5.38298,5.38298,5.51956,5.34319,0.80388,0.80388,0.80388,0.80388,0.85619,0.81435,4.65624,4.65624,9.68786,5.52707,5.52707,5.70438,5.70438,5.70438,5.52707,5.52707,5.70438,5.0059,5.535,5.0059,5.0059,5.35801,5.35801,5.0059,5.0059,5.18164,5.0059,5.0059,5.0059,5.0059,5.0059,10.08409,10.08409,9.89215,10.11773,9.92512,10.12506,9.89215,10.08409,10.08409,10.08409,0.0,0.32,0.0,0.0,0.0,0.0,0.0,0.0,0.0,0.0,5.34319,5.17434,5.34319,5.34319,5.34319,5.17434,5.16745,8.94336,8.84709,9.32072,9.13168,9.13168,9.32072,11.81147,11.18279,11.32548,11.9032,12.15149,11.83359,10.27677,10.34911,10.22755,10.08409,10.08409,10.08409,10.08409,4.48233,5.0059
MOTU_4_SC_dis_L263_COI,5.16745,5.16745,5.16745,5.16745,5.16745,5.16745,5.16745,5.33641,5.38298,5.38298,5.51956,5.34319,0.80388,0.80388,0.80388,0.80388,0.85619,0.81435,4.65624,4.65624,9.68786,5.52707,5.52707,5.70438,5.70438,5.70438,5.52707,5.52707,5.70438,5.0059,5.535,5.0059,5.0059,5.35801,5.35801,5.0059,5.0059,5.18164,5.0059,5.0059,5.0059,5.0059,5.0059,10.08409,10.08409,9.89215,10.11773,9.92512,10.12506,9.89215,10.08409,10.08409,10.08409,0.0,0.32,0.0,0.0,0.0,0.0,0.0,0.0,0.0,0.0,5.34319,5.17434,5.34319,5.34319,5.34319,5.17434,5.16745,8.94336,8.84709,9.32072,9.13168,9.13168,9.32072,11.81147,11.18279,11.32548,11.9032,12.15149,11.83359,10.27677,10.34911,10.22755,10.08409,10.08409,10.08409,10.08409,4.48233,5.0059
MOTU_4_SC_dis_L264_COI,5.16745,5.16745,5.16745,5.16745,5.16745,5.16745,5.16745,5.33641,5.38298,5.38298,5.51956,5.34319,0.80388,0.80388,0.80388,0.80388,0.85619,0.81435,4.65624,4.65624,9.68786,5.52707,5.52707,5.70438,5.70438,5.70438,5.52707,5.52707,5.70438,5.0059,5.535,5.0059,5.0059,5.35801,5.35801,5.0059,5.0059,5.18164,5.0059,5.0059,5.0059,5.0059,5.0059,10.08409,10.08409,9.89215,10.11773,9.92512,10.12506,9.89215,10.08409,10.08409,10.08409,0.0,0.32,0.0,0.0,0.0,0.0,0.0,0.0,0.0,0.0,5.34319,5.17434,5.34319,5.34319,5.34319,5.17434,5.16745,8.94336,8.84709,9.32072,9.13168,9.13168,9.32072,11.81147,11.18279,11.32548,11.9032,12.15149,11.83359,10.27677,10.34911,10.22755,10.08409,10.08409,10.08409,10.08409,4.48233,5.0059
MOTU_4_SC_dis_L265_COIF,5.16745,5.16745,5.16745,5.16745,5.16745,5.16745,5.16745,5.33641,5.38298,5.38298,5.51956,5.34319,0.80388,0.80388,0.80388,0.80388,0.85619,0.81435,4.65624,4.65624,9.68786,5.52707,5.52707,5.70438,5.70438,5.70438,5.52707,5.52707,5.70438,5.0059,5.535,5.0059,5.0059,5.35801,5.35801,5.0059,5.0059,5.18164,5.0059,5.0059,5.0059,5.0059,5.0059,10.08409,10.08409,9.89215,10.11773,9.92512,10.12506,9.89215,10.08409,10.08409,10.08409,0.0,0.32,0.0,0.0,0.0,0.0,0.0,0.0,0.0,0.0,5.34319,5.17434,5.34319,5.34319,5.34319,5.17434,5.16745,8.94336,8.84709,9.32072,9.13168,9.13168,9.32072,11.81147,11.18279,11.32548,11.9032,12.15149,11.83359,10.27677,10.34911,10.22755,10.08409,10.08409,10.08409,10.08409,4.48233,5.0059
MOTU_5_SC_bor_L0063_COIF,1.12621,1.12621,1.12621,1.12621,1.12621,1.12621,1.12621,1.28797,4.64998,4.64998,4.98615,4.81193,5.51956,5.51956,5.51956,5.51956,5.53343,5.59449,2.7725,2.7725,9.1081,3.61292,3.61292,3.78328,3.78328,3.78328,3.61292,3.61292,3.78328,2.7725,3.27756,2.7725,2.7725,3.10864,3.10864,2.7725,2.7725,2.94029,2.7725,2.7725,2.7725,2.7725,2.7725,8.9317,8.9317,8.74443,9.12013,8.75305,9.10452,8.74443,8.9317,8.9317,8.9317,5.34319,5.69655,5.34319,5.34319,5.34319,5.34319,5.34319,5.34319,5.34319,5.34319,0.0,0.15968,0.0,0.0,0.0,0.15968,0.48,8.74443,8.64686,9.11967,8.9317,8.9317,9.11967,9.47364,8.96689,9.11373,9.82917,9.72558,9.22663,8.58023,8.63967,8.81754,8.39366,8.39366,8.39366,8.39366,2.94029,2.7725
MOTU_5_SC_bor_L0086_COI,0.96485,0.96485,0.96485,0.96485,0.96485,0.96485,0.96485,1.12621,4.47552,4.47552,4.8178,4.64388,5.35039,5.35039,5.35039,5.35039,5.35357,5.423,2.60818,2.60818,9.11967,3.44705,3.44705,3.61712,3.61712,3.61712,3.44705,3.44705,3.61712,2.60818,3.11238,2.60818,2.60818,2.94375,2.94375,2.60818,2.60818,2.77568,2.60818,2.60818,2.60818,2.60818,2.60818,8.94336,8.94336,8.75574,9.1323,8.76453,9.11696,8.75574,8.94336,8.94336,8.94336,5.17434,5.52707,5.17434,5.17434,5.17434,5.17434,5.17434,5.17434,5.17434,5.17434,0.15968,0.0,0.15968,0.15968,0.15968,0.0,0.31968,8.56883,8.46973,8.94336,8.75574,8.75574,8.94336,9.48546,8.97803,9.12513,9.8447,9.73807,9.2382,8.59208,8.65168,8.83025,8.40516,8.40516,8.40516,8.40516,2.77568,2.60818
MOTU_5_SC_bor_L0117_ANOSCOIF,1.12621,1.12621,1.12621,1.12621,1.12621,1.12621,1.12621,1.28797,4.64998,4.64998,4.98615,4.81193,5.51956,5.51956,5.51956,5.51956,5.53343,5.59449,2.7725,2.7725,9.1081,3.61292,3.61292,3.78328,3.78328,3.78328,3.61292,3.61292,3.78328,2.7725,3.27756,2.7725,2.7725,3.10864,3.10864,2.7725,2.7725,2.94029,2.7725,2.7725,2.7725,2.7725,2.7725,8.9317,8.9317,8.74443,9.12013,8.75305,9.10452,8.74443,8.9317,8.9317,8.9317,5.34319,5.69655,5.34319,5.34319,5.34319,5.34319,5.34319,5.34319,5.34319,5.34319,0.0,0.15968,0.0,0.0,0.0,0.15968,0.48,8.74443,8.64686,9.11967,8.9317,8.9317,9.11967,9.47364,8.96689,9.11373,9.82917,9.72558,9.22663,8.58023,8.63967,8.81754,8.39366,8.39366,8.39366,8.39366,2.94029,2.7725
MOTU_5_SC_bor_L0224_COI,1.12621,1.12621,1.12621,1.12621,1.12621,1.12621,1.12621,1.28797,4.64998,4.64998,4.98615,4.81193,5.51956,5.51956,5.51956,5.51956,5.53343,5.59449,2.7725,2.7725,9.1081,3.61292,3.61292,3.78328,3.78328,3.78328,3.61292,3.61292,3.78328,2.7725,3.27756,2.7725,2.7725,3.10864,3.10864,2.7725,2.7725,2.94029,2.7725,2.7725,2.7725,2.7725,2.7725,8.9317,8.9317,8.74443,9.12013,8.75305,9.10452,8.74443,8.9317,8.9317,8.9317,5.34319,5.69655,5.34319,5.34319,5.34319,5.34319,5.34319,5.34319,5.34319,5.34319,0.0,0.15968,0.0,0.0,0.0,0.15968,0.48,8.74443,8.64686,9.11967,8.9317,8.9317,9.11967,9.47364,8.96689,9.11373,9.82917,9.72558,9.22663,8.58023,8.63967,8.81754,8.39366,8.39366,8.39366,8.39366,2.94029,2.7725
MOTU_5_SC_bor_L0899_COIF,1.12621,1.12621,1.12621,1.12621,1.12621,1.12621,1.12621,1.28797,4.64998,4.64998,4.98615,4.81193,5.51956,5.51956,5.51956,5.51956,5.53343,5.59449,2.7725,2.7725,9.1081,3.61292,3.61292,3.78328,3.78328,3.78328,3.61292,3.61292,3.78328,2.7725,3.27756,2.7725,2.7725,3.10864,3.10864,2.7725,2.7725,2.94029,2.7725,2.7725,2.7725,2.7725,2.7725,8.9317,8.9317,8.74443,9.12013,8.75305,9.10452,8.74443,8.9317,8.9317,8.9317,5.34319,5.69655,5.34319,5.34319,5.34319,5.34319,5.34319,5.34319,5.34319,5.34319,0.0,0.15968,0.0,0.0,0.0,0.15968,0.48,8.74443,8.64686,9.11967,8.9317,8.9317,9.11967,9.47364,8.96689,9.11373,9.82917,9.72558,9.22663,8.58023,8.63967,8.81754,8.39366,8.39366,8.39366,8.39366,2.94029,2.7725
MOTU_5_SC_bor_L1176_COIF,0.96485,0.96485,0.96485,0.96485,0.96485,0.96485,0.96485,1.12621,4.47552,4.47552,4.8178,4.64388,5.35039,5.35039,5.35039,5.35039,5.35357,5.423,2.60818,2.60818,9.11967,3.44705,3.44705,3.61712,3.61712,3.61712,3.44705,3.44705,3.61712,2.60818,3.11238,2.60818,2.60818,2.94375,2.94375,2.60818,2.60818,2.77568,2.60818,2.60818,2.60818,2.60818,2.60818,8.94336,8.94336,8.75574,9.1323,8.76453,9.11696,8.75574,8.94336,8.94336,8.94336,5.17434,5.52707,5.17434,5.17434,5.17434,5.17434,5.17434,5.17434,5.17434,5.17434,0.15968,0.0,0.15968,0.15968,0.15968,0.0,0.31968,8.56883,8.46973,8.94336,8.75574,8.75574,8.94336,9.48546,8.97803,9.12513,9.8447,9.73807,9.2382,8.59208,8.65168,8.83025,8.40516,8.40516,8.40516,8.40516,2.77568,2.60818
MOTU_5_SC_bor_L1177_COIF,0.96388,0.96388,0.96388,0.96388,0.96388,0.96388,0.96388,1.12537,4.47013,4.47013,4.81193,4.63832,5.34319,5.34319,5.34319,5.34319,5.34511,5.4156,2.60528,2.60528,8.92049,3.44314,3.44314,3.61292,3.61292,3.61292,3.44314,3.44314,3.61292,2.60528,2.94029,2.60528,2.60528,2.94029,2.94029,2.60528,2.60528,2.7725,2.60528,2.60528,2.60528,2.60528,2.60528,8.74443,8.74443,8.55787,8.92856,8.56258,8.90571,8.55787,8.74443,8.74443,8.74443,5.16745,5.51956,5.16745,5.16745,5.16745,5.16745,5.16745,5.16745,5.16745,5.16745,0.48,0.31968,0.48,0.48,0.48,0.31968,0.0,8.37199,8.27162,8.74443,8.55787,8.55787,8.74443,9.66303,9.16297,9.30943,10.05542,9.92052,9.42119,8.39366,8.4517,8.62146,8.20779,8.20779,8.20779,8.20779,2.7725,2.94029
MOTU_6_SC_nas_B017_COI,8.9317,8.9317,8.9317,8.9317,8.9317,8.9317,8.9317,9.1081,8.17298,8.17298,8.20779,8.0226,9.51047,9.51047,9.51047,9.51047,9.78761,9.64426,8.39366,8.39366,1.29059,8.19708,8.19708,8.38261,8.01223,8.38261,8.19708,8.19708,8.19708,8.58023,8.7675,8.58023,8.58023,8.95547,8.95547,8.58023,8.58023,8.7675,8.58023,8.58023,8.58023,8.58023,8.58023,0.96621,0.96621,0.80388,0.98525,0.82104,0.85181,0.80388,1.29248,1.29248,1.29248,8.94336,9.32072,8.94336,8.94336,8.94336,8.94336,8.94336,8.94336,8.94336,8.94336,8.74443,8.56883,8.74443,8.74443,8.74443,8.56883,8.37199,0.0,0.0,0.32,0.15974,0.15974,0.32,7.10683,6.70184,7.04246,7.21124,6.92045,7.35616,2.61147,2.62864,2.38974,2.44425,2.44425,2.44425,2.44425,8.58023,8.7675
MOTU_6_SC_nas_B018_COI,8.83554,8.83554,8.83554,8.83554,8.83554,8.83554,8.83554,9.01348,8.17298,8.17298,8.29305,8.10578,9.41852,9.41852,9.41852,9.41852,9.69185,9.55217,8.29305,8.29305,1.13846,8.09519,8.09519,8.28211,7.90897,8.28211,8.09519,8.09519,8.09519,8.48102,8.6697,8.48102,8.48102,8.85909,8.85909,8.48102,8.48102,8.6697,8.48102,8.48102,8.48102,8.48102,8.48102,0.81171,0.81171,0.64831,0.82783,0.82104,0.85181,0.64831,1.14011,1.14011,1.14011,8.84709,9.22732,8.84709,8.84709,8.84709,8.84709,8.84709,8.84709,8.84709,8.84709,8.64686,8.46973,8.64686,8.64686,8.64686,8.46973,8.27162,0.0,0.0,0.16129,0.0,0.0,0.16129,6.99668,6.70184,7.04246,7.21124,6.77073,7.20604,2.46839,2.48474,2.23811,2.30004,2.30004,2.30004,2.30004,8.48102,8.6697
MOTU_6_SC_nas_L0926_COIF,9.30835,9.30835,9.30835,9.30835,9.30835,9.30835,9.30835,9.48546,8.36603,8.36603,8.58023,8.39366,9.89215,9.89215,9.89215,9.89215,10.19661,10.03186,8.7675,8.7675,1.29059,8.56883,8.56883,8.75574,8.38261,8.75574,8.56883,8.56883,8.56883,8.95547,9.14414,8.95547,8.95547,9.33354,9.33354,8.95547,8.95547,9.14414,8.95547,8.95547,8.95547,8.95547,8.95547,0.96621,0.96621,0.80388,0.98525,0.98687,1.02393,0.80388,1.29248,1.29248,1.29248,9.32072,9.70095,9.32072,9.32072,9.32072,9.32072,9.32072,9.32072,9.32072,9.32072,9.11967,8.94336,9.11967,9.11967,9.11967,8.94336,8.74443,0.32,0.16129,0.0,0.15974,0.15974,0.0,7.10683,6.89052,7.2315,7.42675,6.92045,7.35616,2.61147,2.62864,2.38974,2.44425,2.44425,2.44425,2.44425,8.95547,9.14414
MOTU_6_SC_nas_L1103_ANOSCOIF,9.11967,9.11967,9.11967,9.11967,9.11967,9.11967,9.11967,9.29643,8.17298,8.17298,8.39366,8.20779,9.70095,9.70095,9.70095,9.70095,9.9917,9.83768,8.58023,8.58023,1.12745,8.38261,8.38261,8.56883,8.19708,8.56883,8.38261,8.38261,8.38261,8.7675,8.95547,8.7675,8.7675,9.14414,9.14414,8.7675,8.7675,8.95547,8.7675,8.7675,8.7675,8.7675,8.7675,0.80388,0.80388,0.64206,0.81969,0.82104,0.85181,0.64206,1.12908,1.12908,1.12908,9.13168,9.51047,9.13168,9.13168,9.13168,9.13168,9.13168,9.13168,9.13168,9.13168,8.9317,8.75574,8.9317,8.9317,8.9317,8.75574,8.55787,0.15974,0.0,0.15974,0.0,0.0,0.15974,6.92567,6.70184,7.04246,7.21124,6.7356,7.16819,2.44425,2.46029,2.21522,2.27758,2.27758,2.27758,2.27758,8.7675,8.95547
MOTU_6_SC_nas_L1178_FISHF,9.11967,9.11967,9.11967,9.11967,9.11967,9.11967,9.11967,9.29643,8.17298,8.17298,8.39366,8.20779,9.70095,9.70095,9.70095,9.70095,9.9917,9.83768,8.58023,8.58023,1.12745,8.38261,8.38261,8.56883,8.19708,8.56883,8.38261,8.38261,8.38261,8.7675,8.95547,8.7675,8.7675,9.14414,9.14414,8.7675,8.7675,8.95547,8.7675,8.7675,8.7675,8.7675,8.7675,0.80388,0.80388,0.64206,0.81969,0.82104,0.85181,0.64206,1.12908,1.12908,1.12908,9.13168,9.51047,9.13168,9.13168,9.13168,9.13168,9.13168,9.13168,9.13168,9.13168,8.9317,8.75574,8.9317,8.9317,8.9317,8.75574,8.55787,0.15974,0.0,0.15974,0.0,0.0,0.15974,6.92567,6.70184,7.04246,7.21124,6.7356,7.16819,2.44425,2.46029,2.21522,2.27758,2.27758,2.27758,2.27758,8.7675,8.95547
MOTU_6_SC_nas_L889_COI,9.30835,9.30835,9.30835,9.30835,9.30835,9.30835,9.30835,9.48546,8.36603,8.36603,8.58023,8.39366,9.89215,9.89215,9.89215,9.89215,10.19661,10.03186,8.7675,8.7675,1.29059,8.56883,8.56883,8.75574,8.38261,8.75574,8.56883,8.56883,8.56883,8.95547,9.14414,8.95547,8.95547,9.33354,9.33354,8.95547,8.95547,9.14414,8.95547,8.95547,8.95547,8.95547,8.95547,0.96621,0.96621,0.80388,0.98525,0.98687,1.02393,0.80388,1.29248,1.29248,1.29248,9.32072,9.70095,9.32072,9.32072,9.32072,9.32072,9.32072,9.32072,9.32072,9.32072,9.11967,8.94336,9.11967,9.11967,9.11967,8.94336,8.74443,0.32,0.16129,0.0,0.15974,0.15974,0.0,7.10683,6.89052,7.2315,7.42675,6.92045,7.35616,2.61147,2.62864,2.38974,2.44425,2.44425,2.44425,2.44425,8.95547,9.14414
MOTU_7_SC_jac_L546_COI,9.85315,9.85315,9.85315,9.85315,9.85315,9.85315,9.85315,10.03153,10.10881,10.10881,10.45563,10.26258,12.41028,12.41028,12.41028,12.41028,13.11505,12.5897,10.26258,10.26258,7.64459,9.86569,9.48546,10.0569,9.67522,10.0569,9.86569,9.86569,9.67522,10.45563,10.26258,10.45563,10.45563,10.45563,10.45563,10.45563,10.45563,10.64943,10.45563,10.45563,10.45563,10.45563,10.45563,6.74516,6.74516,6.5653,6.88466,6.89655,6.97693,6.5653,7.10683,7.10683,7.10683,11.81147,12.20987,11.81147,11.81147,11.81147,11.81147,11.81147,11.81147,11.81147,11.81147,9.47364,9.48546,9.47364,9.47364,9.47364,9.48546,9.66303,7.10683,6.99668,7.10683,6.92567,6.92567,7.10683,0.0,0.16722,0.0,0.0,0.16367,0.0,7.47113,7.5223,7.47094,7.28864,7.28864,7.28864,7.28864,10.07027,9.8787
MOTU_7_SC_pla_B135,9.17449,9.17449,9.17449,9.17449,9.17449,9.17449,9.17449,9.35982,9.83535,9.83535,9.98175,9.78175,11.80136,11.80136,11.80136,11.80136,12.46504,11.95635,9.78175,9.78175,7.45127,9.56975,9.17449,9.56975,9.37173,9.56975,9.56975,9.56975,9.37173,9.98175,9.98175,9.98175,9.98175,10.18256,10.18256,9.98175,9.98175,10.18256,9.98175,9.98175,9.98175,9.98175,9.98175,6.51387,6.51387,6.3266,6.64267,6.51387,6.66663,6.3266,6.89052,6.89052,6.89052,11.18279,11.59432,11.18279,11.18279,11.18279,11.18279,11.18279,11.18279,11.18279,11.18279,8.96689,8.97803,8.96689,8.96689,8.96689,8.97803,9.16297,6.70184,6.70184,6.89052,6.70184,6.70184,6.89052,0.16722,0.0,0.16835,0.19084,0.34188,0.17153,7.07991,7.11776,7.04694,6.89052,6.89052,6.89052,6.89052,9.58255,9.38414
MOTU_7_SC_pla_B136,9.50589,9.50589,9.50589,9.50589,9.50589,9.50589,9.50589,9.69107,10.18256,10.18256,10.32754,10.12714,11.94277,11.94277,11.94277,11.94277,12.63939,12.12173,9.92754,9.92754,7.60187,9.51806,9.12513,9.71568,9.3212,9.71568,9.51806,9.51806,9.3212,10.12714,10.12714,10.12714,10.12714,10.32754,10.32754,10.12714,10.12714,10.32754,10.12714,10.12714,10.12714,10.12714,10.12714,6.85414,6.85414,6.66652,7.00201,6.85414,7.02728,6.66652,7.2315,7.2315,7.2315,11.32548,11.73616,11.32548,11.32548,11.32548,11.32548,11.32548,11.32548,11.32548,11.32548,9.11373,9.12513,9.11373,9.11373,9.11373,9.12513,9.30943,7.04246,7.04246,7.2315,7.04246,7.04246,7.2315,0.0,0.16835,0.0,0.0,0.16978,0.0,7.42125,7.47417,7.41848,7.2315,7.2315,7.2315,7.2315,9.72873,9.53071
MOTU_7_SC_pla_B137,10.07146,10.07146,10.07146,10.07146,10.07146,10.07146,10.07146,10.07146,11.18423,11.18423,11.41625,11.18423,12.61411,12.61411,12.61411,12.61411,12.61411,12.61411,10.74036,10.74036,7.84887,10.04001,9.81428,10.26677,9.81428,10.26677,10.04001,10.04001,10.04001,10.74036,10.74036,10.74036,10.74036,10.97077,10.97077,10.74036,10.74036,10.97077,10.74036,10.74036,10.74036,10.74036,10.74036,7.21124,7.21124,6.99664,7.21124,7.21124,7.21124,6.99664,7.6432,7.6432,7.6432,11.9032,12.37602,11.9032,11.9032,11.9032,11.9032,11.9032,11.9032,11.9032,11.9032,9.82917,9.8447,9.82917,9.82917,9.82917,9.8447,10.05542,7.21124,7.21124,7.42675,7.21124,7.21124,7.42675,0.0,0.19084,0.0,0.0,0.1912,0.0,7.65507,7.65507,7.43815,7.43815,7.43815,7.43815,7.43815,10.511,10.28269
MOTU_7_SC_pla_B138,10.11621,10.11621,10.11621,10.11621,10.11621,10.11621,10.11621,10.29953,10.53826,10.53826,10.93685,10.73725,12.77005,12.77005,12.77005,12.77005,13.64611,12.96017,10.53844,10.53844,7.4696,10.12946,9.73807,10.32631,9.93338,10.32631,10.12946,10.12946,9.93338,10.73725,10.53844,10.73725,10.73725,10.73725,10.73725,10.73725,10.73725,10.93685,10.73725,10.73725,10.73725,10.73725,10.73725,6.36796,6.36796,6.18514,6.49099,6.47961,6.54541,6.18514,6.7356,6.7356,6.7356,12.15149,12.56301,12.15149,12.15149,12.15149,12.15149,12.15149,12.15149,12.15149,12.15149,9.72558,9.73807,9.72558,9.72558,9.72558,9.73807,9.92052,6.92045,6.77073,6.92045,6.7356,6.7356,6.92045,0.16367,0.34188,0.16978,0.1912,0.0,0.16722,7.2922,7.34328,7.26993,7.10598,7.10598,7.10598,7.10598,10.34042,10.14318
MOTU_7_SC_pla_B139,9.6165,9.6165,9.6165,9.6165,9.6165,9.6165,9.6165,9.80035,9.81386,9.81386,10.23453,10.03612,12.45216,12.45216,12.45216,12.45216,13.08133,12.61464,9.83849,9.83849,7.53515,9.62883,9.43313,10.02253,9.43313,10.02253,9.62883,9.62883,9.62883,10.43373,10.23453,10.43373,10.43373,10.43373,10.43373,10.43373,10.43373,10.63373,10.43373,10.43373,10.43373,10.43373,10.43373,6.79435,6.79435,6.60848,6.91499,6.91499,6.97275,6.60848,7.16819,7.16819,7.16819,11.83359,12.24512,11.83359,11.83359,11.83359,11.83359,11.83359,11.83359,11.83359,11.83359,9.22663,9.2382,9.22663,9.22663,9.22663,9.2382,9.42119,7.35616,7.20604,7.35616,7.16819,7.16819,7.35616,0.0,0.17153,0.0,0.0,0.16722,0.0,7.54484,7.58483,7.49296,7.35616,7.35616,7.35616,7.35616,9.64164,9.44556
MOTU_8_SC_kne_B012_COI,9.33354,9.33354,9.33354,9.33354,9.33354,9.33354,9.33354,9.51047,8.53697,8.53697,8.9317,8.74443,10.08409,10.08409,10.08409,10.08409,10.41847,10.22679,8.95547,8.95547,2.60818,9.13168,9.13168,8.94336,8.94336,8.94336,9.13168,9.13168,9.13168,9.14414,9.33354,9.14414,9.14414,9.52365,9.52365,9.14414,9.14414,9.33354,9.14414,9.14414,9.14414,9.14414,9.14414,2.27758,2.27758,2.44425,2.32294,2.15702,2.23875,2.44425,2.27758,2.27758,2.27758,10.27677,10.27677,10.27677,10.27677,10.27677,10.27677,10.27677,10.27677,10.27677,10.27677,8.58023,8.59208,8.58023,8.58023,8.58023,8.59208,8.39366,2.61147,2.46839,2.61147,2.44425,2.44425,2.61147,7.47113,7.07991,7.42125,7.65507,7.2922,7.54484,0.0,0.0,0.16722,0.15974,0.15974,0.15974,0.15974,9.14414,9.33354
MOTU_8_SC_kne_L0857_COIF,9.3987,9.3987,9.3987,9.3987,9.3987,9.3987,9.3987,9.5769,8.59827,8.59827,8.99364,8.80496,10.15494,10.15494,10.15494,10.15494,10.41847,10.22679,9.01774,9.01774,2.6253,9.19522,9.19522,9.00546,9.00546,9.00546,9.19522,9.19522,9.19522,9.01774,9.20786,9.01774,9.01774,9.3987,9.3987,9.01774,9.01774,9.20786,9.01774,9.01774,9.01774,9.01774,9.01774,2.2925,2.2925,2.46029,2.32294,2.17143,2.23875,2.46029,2.2925,2.2925,2.2925,10.34911,10.34911,10.34911,10.34911,10.34911,10.34911,10.34911,10.34911,10.34911,10.34911,8.63967,8.65168,8.63967,8.63967,8.63967,8.65168,8.4517,2.62864,2.48474,2.62864,2.46029,2.46029,2.62864,7.5223,7.11776,7.47417,7.65507,7.34328,7.58483,0.0,0.0,0.16722,0.16077,0.16077,0.16077,0.16077,9.20786,9.3987
MOTU_8_SC_kne_L0866_COIF,9.60964,9.60964,9.60964,9.60964,9.60964,9.60964,9.60964,9.60964,8.58969,8.58969,9.00178,8.80531,10.02553,10.02553,10.02553,10.02553,10.21228,10.02553,9.02749,9.02749,2.3863,9.01439,9.01439,8.81754,8.81754,8.81754,9.01439,9.01439,9.01439,9.02749,9.22551,9.02749,9.02749,9.42432,9.42432,9.02749,9.02749,9.22551,9.02749,9.02749,9.02749,9.02749,9.02749,2.04131,2.04131,2.21522,2.04131,1.91017,1.95083,2.21522,2.04131,2.04131,2.04131,10.22755,10.22755,10.22755,10.22755,10.22755,10.22755,10.22755,10.22755,10.22755,10.22755,8.81754,8.83025,8.81754,8.81754,8.81754,8.83025,8.62146,2.38974,2.23811,2.38974,2.21522,2.21522,2.38974,7.47094,7.04694,7.41848,7.43815,7.26993,7.49296,0.16722,0.16722,0.0,0.0,0.0,0.0,0.0,9.22551,9.42432
MOTU_8_SC_kne_L270_COIF,9.14414,9.14414,9.14414,9.14414,9.14414,9.14414,9.14414,9.32072,8.34392,8.34392,8.74443,8.55787,9.89215,9.89215,9.89215,9.89215,10.21228,10.03186,8.7675,8.7675,2.44123,8.94336,8.94336,8.75574,8.75574,8.75574,8.94336,8.94336,8.94336,8.95547,9.14414,8.95547,8.95547,9.33354,9.33354,8.95547,8.95547,9.14414,8.95547,8.95547,8.95547,8.95547,8.95547,2.11147,2.11147,2.27758,2.15345,1.98781,2.06301,2.27758,2.11147,2.11147,2.11147,10.08409,10.08409,10.08409,10.08409,10.08409,10.08409,10.08409,10.08409,10.08409,10.08409,8.39366,8.40516,8.39366,8.39366,8.39366,8.40516,8.20779,2.44425,2.30004,2.44425,2.27758,2.27758,2.44425,7.28864,6.89052,7.2315,7.43815,7.10598,7.35616,0.15974,0.16077,0.0,0.0,0.0,0.0,0.0,8.95547,9.14414
MOTU_8_SC_kne_L361_COI,9.14414,9.14414,9.14414,9.14414,9.14414,9.14414,9.14414,9.32072,8.34392,8.34392,8.74443,8.55787,9.89215,9.89215,9.89215,9.89215,10.21228,10.03186,8.7675,8.7675,2.44123,8.94336,8.94336,8.75574,8.75574,8.75574,8.94336,8.94336,8.94336,8.95547,9.14414,8.95547,8.95547,9.33354,9.33354,8.95547,8.95547,9.14414,8.95547,8.95547,8.95547,8.95547,8.95547,2.11147,2.11147,2.27758,2.15345,1.98781,2.06301,2.27758,2.11147,2.11147,2.11147,10.08409,10.08409,10.08409,10.08409,10.08409,10.08409,10.08409,10.08409,10.08409,10.08409,8.39366,8.40516,8.39366,8.39366,8.39366,8.40516,8.20779,2.44425,2.30004,2.44425,2.27758,2.27758,2.44425,7.28864,6.89052,7.2315,7.43815,7.10598,7.35616,0.15974,0.16077,0.0,0.0,0.0,0.0,0.0,8.95547,9.14414
MOTU_8_SC_kne_L363_COI,9.14414,9.14414,9.14414,9.14414,9.14414,9.14414,9.14414,9.32072,8.34392,8.34392,8.74443,8.55787,9.89215,9.89215,9.89215,9.89215,10.21228,10.03186,8.7675,8.7675,2.44123,8.94336,8.94336,8.75574,8.75574,8.75574,8.94336,8.94336,8.94336,8.95547,9.14414,8.95547,8.95547,9.33354,9.33354,8.95547,8.95547,9.14414,8.95547,8.95547,8.95547,8.95547,8.95547,2.11147,2.11147,2.27758,2.15345,1.98781,2.06301,2.27758,2.11147,2.11147,2.11147,10.08409,10.08409,10.08409,10.08409,10.08409,10.08409,10.08409,10.08409,10.08409,10.08409,8.39366,8.40516,8.39366,8.39366,8.39366,8.40516,8.20779,2.44425,2.30004,2.44425,2.27758,2.27758,2.44425,7.28864,6.89052,7.2315,7.43815,7.10598,7.35616,0.15974,0.16077,0.0,0.0,0.0,0.0,0.0,8.95547,9.14414
MOTU_8_SC_kne_L365_COI,9.14414,9.14414,9.14414,9.14414,9.14414,9.14414,9.14414,9.32072,8.34392,8.34392,8.74443,8.55787,9.89215,9.89215,9.89215,9.89215,10.21228,10.03186,8.7675,8.7675,2.44123,8.94336,8.94336,8.75574,8.75574,8.75574,8.94336,8.94336,8.94336,8.95547,9.14414,8.95547,8.95547,9.33354,9.33354,8.95547,8.95547,9.14414,8.95547,8.95547,8.95547,8.95547,8.95547,2.11147,2.11147,2.27758,2.15345,1.98781,2.06301,2.27758,2.11147,2.11147,2.11147,10.08409,10.08409,10.08409,10.08409,10.08409,10.08409,10.08409,10.08409,10.08409,10.08409,8.39366,8.40516,8.39366,8.39366,8.39366,8.40516,8.20779,2.44425,2.30004,2.44425,2.27758,2.27758,2.44425,7.28864,6.89052,7.2315,7.43815,7.10598,7.35616,0.15974,0.16077,0.0,0.0,0.0,0.0,0.0,8.95547,9.14414
MOTU_9_SC_vit_L0613_COIF,2.43861,2.43861,2.43861,2.43861,2.43861,2.43861,2.43861,2.60278,4.12228,4.12228,4.47625,4.30323,5.35801,5.35801,5.35801,5.35801,5.54225,5.43082,0.48077,0.48077,8.59208,2.28072,2.28072,2.78323,2.44766,2.78323,2.28072,2.28072,2.78323,2.11758,2.61926,2.11758,2.11758,2.45147,2.45147,2.11758,2.11758,2.28425,2.11758,2.11758,2.11758,2.11758,2.11758,8.95547,8.95547,8.7675,9.14494,8.77647,9.1299,8.7675,8.95547,8.95547,8.95547,4.48233,4.83076,4.48233,4.48233,4.48233,4.48233,4.48233,4.48233,4.48233,4.48233,2.94029,2.77568,2.94029,2.94029,2.94029,2.77568,2.7725,8.58023,8.48102,8.95547,8.7675,8.7675,8.95547,10.07027,9.58255,9.72873,10.511,10.34042,9.64164,9.14414,9.20786,9.22551,8.95547,8.95547,8.95547,8.95547,0.0,0.48077
MOTU_9_SC_vit_L558_COI,2.60528,2.60528,2.60528,2.60528,2.60528,2.60528,2.60528,2.76973,4.30149,4.30149,4.64986,4.47625,5.535,5.535,5.535,5.535,5.73164,5.61036,0.64206,0.64206,8.77969,2.44766,2.44766,2.95187,2.61517,2.95187,2.44766,2.44766,2.95187,2.28425,2.78761,2.28425,2.28425,2.61926,2.61926,2.28425,2.28425,2.45147,2.28425,2.28425,2.28425,2.28425,2.28425,9.14414,9.14414,8.95547,9.33799,8.96841,9.3303,8.95547,9.14414,9.14414,9.14414,5.0059,5.35801,5.0059,5.0059,5.0059,5.0059,5.0059,5.0059,5.0059,5.0059,2.7725,2.60818,2.7725,2.7725,2.7725,2.60818,2.94029,8.7675,8.6697,9.14414,8.95547,8.95547,9.14414,9.8787,9.38414,9.53071,10.28269,10.14318,9.44556,9.33354,9.3987,9.42432,9.14414,9.14414,9.14414,9.14414,0.48077,0.0
